"gene_id","symbol","biotype","direction","log2FC_full","padj_full","log2FC_without_outlier","pvalue_without_outlier","padj_without_outlier","outlier_log2_vs_other_controls","support"
"ENSG00000169429","CXCL8","protein_coding","up",5.201,3.87e-15,5.335,1.47e-22,1.88e-18,0.34,"replicated"
"ENSG00000143546","S100A8","protein_coding","up",5.109,3.11e-05,5.465,1.45e-11,6.19e-08,0.83,"replicated"
"ENSG00000099985","OSM","protein_coding","up",5.797,3.11e-05,6.575,2.5e-10,8.02e-07,1.47,"replicated"
"ENSG00000163220","S100A9","protein_coding","up",4.581,3.97e-05,4.464,1.51e-09,3.88e-06,-0.48,"replicated"
"ENSG00000276085","CCL3L3","protein_coding","up",4.841,7.84e-05,4.503,1.45e-08,3.11e-05,-2.18,"replicated"
"ENSG00000123689","G0S2","protein_coding","up",3.072,0.000307,3.066,3.27e-08,5.99e-05,-0.07,"replicated"
"ENSG00000265206","MIR142HG","lncRNA","down",-2.593,0.000307,-2.611,8.03e-08,0.000114,-0.12,"replicated"
"ENSG00000163221","S100A12","protein_coding","up",7.149,0.000417,7.165,4.97e-06,0.00335,-0.41,"replicated"
"ENSG00000241666","ENSG00000241666","lncRNA","down",-4.75,0.000738,-3.453,4.09e-05,0.0179,2.37,"replicated"
"ENSG00000182782","HCAR2","protein_coding","up",4.701,0.000738,4.538,2.44e-07,0.000284,-0.71,"replicated"
"ENSG00000244734","HBB","protein_coding","up",5.129,0.00273,4.784,0.013,0.483,-1.65,"consistent"
"ENSG00000255398","HCAR3","protein_coding","up",5.263,0.00438,6.226,1.52e-06,0.0015,1.41,"replicated"
"ENSG00000103569","AQP9","protein_coding","up",4.621,0.00438,6.638,1.11e-11,6.19e-08,2.84,"replicated"
"ENSG00000136689","IL1RN","protein_coding","up",3.207,0.0142,3.653,4.7e-08,7.53e-05,1.06,"replicated"
"ENSG00000115956","PLEK","protein_coding","up",2.462,0.0145,2.2,3.49e-06,0.00263,-1.13,"replicated"
"ENSG00000260260","SNHG19","lncRNA","down",-3.811,0.0145,-2.167,0.000478,0.0786,2.83,"consistent"
"ENSG00000210082","MT-RNR2","Mt_rRNA","up",1.98,0.0145,1.994,4.91e-06,0.00335,-0.01,"replicated"
"ENSG00000228784","LINC00954","lncRNA","down",-4.565,0.0147,-3.377,0.00201,NA,2.23,"consistent"
"ENSG00000162747","FCGR3B","protein_coding","up",4.325,0.0162,5.242,4.19e-07,0.000447,1.63,"replicated"
"ENSG00000244437","IGKV3-15","IG_V_gene","up",2.517,0.0162,2.264,1.07e-05,0.00656,-1.2,"replicated"
"ENSG00000112299","VNN1","protein_coding","up",3.024,0.0162,2.954,1.26e-05,0.00733,-0.33,"replicated"
"ENSG00000107317","PTGDS","protein_coding","down",-2.952,0.0162,-2.62,5.21e-05,0.0192,0.81,"replicated"
"ENSG00000211943","IGHV3-15","IG_V_gene","up",2.58,0.0162,2.503,2.2e-05,0.0105,-0.39,"replicated"
"ENSG00000124243","BCAS4","protein_coding","down",-3.5,0.0162,-2.188,0.000316,0.0604,2.44,"consistent"
"ENSG00000232346","ENSG00000232346","processed_pseudogene","down",-2.543,0.0162,-2.437,0.000134,0.0354,0.25,"replicated"
"ENSG00000276529","ENSG00000276529","lncRNA","down",-5.758,0.0162,-2.613,0.0457,NA,4.47,"consistent"
"ENSG00000104332","SFRP1","protein_coding","up",3.492,0.0211,3.177,5.06e-05,0.0192,-1.79,"replicated"
"ENSG00000164972","C9orf24","protein_coding","down",-4.22,0.0286,-2.523,0.0158,NA,2.9,"consistent"
"ENSG00000267852","ARHGEF18-AS1","lncRNA","down",-5.561,0.0286,-2.685,0.0588,NA,4.21,"not supported"
"ENSG00000211933","IGHV6-1","IG_V_gene","up",2.816,0.0322,2.888,7.7e-05,0.0253,0.14,"replicated"
"ENSG00000176153","GPX2","protein_coding","down",-3.763,0.0322,-1.562,0.00137,0.156,3.54,"consistent"
"ENSG00000186010","NDUFA13","protein_coding","down",-4.582,0.0322,-1.075,0.0865,0.814,4.95,"not supported"
"ENSG00000125538","IL1B","protein_coding","up",3.336,0.0342,3.198,4.69e-05,0.0192,-0.54,"replicated"
"ENSG00000170345","FOS","protein_coding","up",1.983,0.0342,1.965,5.46e-05,0.0194,-0.11,"replicated"
"ENSG00000266402","SNHG25","lncRNA","down",-4.477,0.0342,-2.962,0.0102,NA,2.67,"consistent"
"ENSG00000211642","IGLV10-54","IG_V_gene","up",3.398,0.0342,3.301,4.2e-05,0.0179,-0.5,"replicated"
"ENSG00000232442","MHENCR","lncRNA","down",-2.664,0.0355,-2.003,0.000967,0.125,1.45,"consistent"
"ENSG00000248527","MTATP6P1","unprocessed_pseudogene","up",2.637,0.0373,2.935,2.12e-06,0.0017,0.72,"replicated"
"ENSG00000124731","TREM1","protein_coding","up",3.58,0.0373,3.203,0.000121,0.0345,-2.76,"replicated"
"ENSG00000104419","NDRG1","protein_coding","up",2.012,0.0373,1.868,7.41e-05,0.0253,-0.58,"replicated"
"ENSG00000164816","DEFA5","protein_coding","down",-2.246,0.0373,-1.7,0.000109,0.0332,1.21,"replicated"
"ENSG00000260135","MMP2-AS1","lncRNA","down",-4.382,0.0373,-3.437,0.00481,NA,1.88,"consistent"
"ENSG00000267787","ENSG00000267787","lncRNA","down",-4.203,0.0373,-1.858,0.0493,NA,3.68,"consistent"
"ENSG00000171903","CYP4F11","protein_coding","down",-3.934,0.0373,-3.011,0.00235,0.215,1.86,"consistent"
"ENSG00000182351","CRIP1P4","processed_pseudogene","down",-3.73,0.0373,-1.934,0.0138,0.493,3.06,"consistent"
"ENSG00000172016","REG3A","protein_coding","down",-1.749,0.0389,-1.652,0.000125,0.0348,0.22,"replicated"
"ENSG00000167996","FTH1","protein_coding","up",2.483,0.0389,2.13,1.86e-05,0.00956,-1.68,"replicated"
"ENSG00000126749","EMG1","protein_coding","down",-3.487,0.0407,-1.65,0.00748,0.395,3.07,"consistent"
"ENSG00000166523","CLEC4E","protein_coding","up",2.934,0.0413,2.967,0.00014,0.0358,0.08,"replicated"
"ENSG00000233668","ENSG00000233668","processed_pseudogene","down",-2.841,0.0452,-2.71,0.00113,0.14,0.32,"consistent"
"ENSG00000255198","SNHG9","lncRNA","down",-3.19,0.046,-2.352,0.00533,0.344,1.73,"consistent"
"ENSG00000119922","IFIT2","protein_coding","up",2.119,0.0461,2.179,7.67e-05,0.0253,0.13,"replicated"
"ENSG00000209082","MT-TL1","Mt_tRNA","up",2.865,0.0461,3.32,1.67e-06,0.00153,1.05,"replicated"
"ENSG00000198832","SELENOM","protein_coding","down",-3.57,0.0489,-1.278,0.00706,0.383,3.64,"consistent"
"ENSG00000205358","MT1H","protein_coding","down",-2.876,0.0491,-1.727,0.00156,0.163,2.2,"consistent"
"ENSG00000100162","CENPM","protein_coding","down",-2.31,0.0491,-2.237,0.000646,0.0939,0.17,"consistent"
"ENSG00000211653","IGLV1-40","IG_V_gene","up",2.326,0.0491,2.057,0.000135,0.0354,-1.22,"replicated"
"ENSG00000180089","TMEM86B","protein_coding","down",-3.315,0.0496,-1.786,0.0114,0.462,2.68,"consistent"
