rank,term,pvalue,zscore,combined_score,genes,adj_pvalue,old_pvalue,old_adj_pvalue,n_overlap
1,Arachidonic Acid Metabolism R-HSA-2142753,6.781833754178857e-05,44.457589285714285,426.73408129202215,GPX2;CYP4F11;PTGDS,0.004340373602674468,0,0,3
2,Fatty Acid Metabolism R-HSA-8978868,0.0015969630584689977,14.561029411764705,93.76795550233355,GPX2;CYP4F11;PTGDS,0.05110281787100793,0,0,3
3,Antimicrobial Peptides R-HSA-6803157,0.006393297937223963,18.285977011494253,92.38999091351047,REG3A;DEFA5,0.08561731611467976,0,0,2
4,Synthesis Of 15-Eicosatetraenoic Acid Derivatives R-HSA-2142770,0.00807362689081275,153.6,740.2218192098322,GPX2,0.08561731611467976,0,0,1
5,Synthesis Of 12-Eicosatetraenoic Acid Derivatives R-HSA-2142712,0.009413120536176647,127.99358974358974,597.1733894173036,GPX2,0.08561731611467976,0,0,1
6,Alpha-defensins R-HSA-1462054,0.010750872860949598,109.7032967032967,497.25962914000377,DEFA5,0.08561731611467976,0,0,1
7,Synthesis Of 5-Eicosatetraenoic Acids R-HSA-2142688,0.012086885938503104,95.98557692307692,423.8371981703313,GPX2,0.08561731611467976,0,0,1
8,Metallothioneins Bind Metals R-HSA-5661231,0.01475370275603204,76.78076923076924,323.7277777065472,MT1H,0.08561731611467976,0,0,1
9,Metabolism Of Lipids R-HSA-556833,0.015983987864300248,4.5974677496416625,19.01589814262182,GPX2;TMEM86B;CYP4F11;PTGDS,0.08561731611467976,0,0,4
10,Miscellaneous Substrates R-HSA-211958,0.016084510729761806,69.7972027972028,288.2553656873905,CYP4F11,0.08561731611467976,0,0,1
11,Eicosanoids R-HSA-211979,0.016084510729761806,69.7972027972028,288.2553656873905,CYP4F11,0.08561731611467976,0,0,1
12,Transcriptional Regulation Of Testis Differentiation R-HSA-9690406,0.01741358791764657,63.9775641025641,259.14140891073174,PTGDS,0.08561731611467976,0,0,1
13,Response To Metal Ions R-HSA-5660526,0.018740936449241897,59.053254437869825,234.8574522333829,MT1H,0.08561731611467976,0,0,1
14,Fatty Acids R-HSA-211935,0.02006655846437807,54.832417582417584,214.3235039145759,CYP4F11,0.08561731611467976,0,0,1
15,Synthesis Of Prostaglandins (PG) And Thromboxanes (TX) R-HSA-2162123,0.02006655846437807,54.832417582417584,214.3235039145759,PTGDS,0.08561731611467976,0,0,1
16,Synthesis Of Leukotrienes (LT) And Eoxins (EX) R-HSA-2142691,0.027984153316513986,38.371153846153845,137.21973105106596,CYP4F11,0.11193661326605595,0,0,1
17,Acyl Chain Remodelling Of PC R-HSA-1482788,0.03584013171184842,29.507396449704142,98.22088743474232,TMEM86B,0.13492755467989992,0,0,1
18,Detoxification Of Reactive Oxygen Species R-HSA-3299685,0.0449281765490304,23.24009324009324,72.10680817166444,GPX2,0.15974462772988585,0,0,1
19,Defensins R-HSA-1461973,0.056491658509140605,18.251831501831504,52.449599887168155,DEFA5,0.1902876918202631,0,0,1
20,Complex I Biogenesis R-HSA-6799198,0.06665703244937396,15.325384615384616,41.504125770986924,NDUFA13,0.2108399217718041,0,0,1
21,Deposition Of New CENPA-containing Nucleosomes At Centromere R-HSA-606279,0.06918184933137322,14.734467455621301,39.35600928291532,CENPM,0.2108399217718041,0,0,1
22,rRNA Modification In Nucleus And Cytosol R-HSA-6790901,0.07796701814188411,12.98174706649283,33.12253021761694,EMG1,0.22681314368548106,0,0,1
23,Cytochrome P450 - Arranged By Substrate Type R-HSA-211897,0.08419319699589127,11.96454326923077,29.607951196009182,CYP4F11,0.23427672207552352,0,0,1
24,TP53 Regulates Metabolic Genes R-HSA-5628897,0.10384608302388916,9.563942307692308,21.660851190982118,GPX2,0.2769228880637044,0,0,1
25,Respiratory Electron Transport R-HSA-611105,0.11472169604682494,8.592912705272257,18.605770877493573,NDUFA13,0.280296588774078,0,0,1
26,Unattached Kinetochores Signal Amplification Via A MAD2 Inhibitory Signal R-HSA-141444,0.11831857315266643,8.311454849498327,17.739757453868066,CENPM,0.280296588774078,0,0,1
27,EML4 And NUDC In Mitotic Spindle Formation R-HSA-9648025,0.12309252420037428,7.963541666666667,16.68217820842729,CENPM,0.280296588774078,0,0,1
28,Phase I - Functionalization Of Compounds R-HSA-211945,0.13138710634697248,7.419716206123973,15.059110197836317,CYP4F11,0.280296588774078,0,0,1
29,Resolution Of Sister Chromatid Cohesion R-HSA-2500257,0.1337430762062543,7.277655677655678,14.6414399447917,CENPM,0.280296588774078,0,0,1
30,Metabolism R-HSA-1430728,0.13634144803209067,1.9935287315424302,3.9722911811888277,GPX2;NDUFA13;TMEM86B;CYP4F11;PTGDS,0.280296588774078,0,0,5
31,Mitotic Spindle Checkpoint R-HSA-69618,0.13843656903810214,7.009174311926605,13.859542066692878,CENPM,0.280296588774078,0,0,1
32,"Respiratory Electron Transport, ATP Synthesis By Chemiosmotic Coupling, Heat Production By Uncoupling Proteins R-HSA-163200",0.14077412290727195,6.882189882189882,13.4932121116735,NDUFA13,0.280296588774078,0,0,1
33,Chromosome Maintenance R-HSA-73886,0.14775019880243187,6.527284681130835,12.481684449498475,CENPM,0.280296588774078,0,0,1
34,RHO GTPases Activate Formins R-HSA-5663220,0.14890756278622894,6.4716427640156455,12.32478771385482,CENPM,0.280296588774078,0,0,1
35,Glycerophospholipid Biosynthesis R-HSA-1483206,0.15811214564443912,6.058302808302808,11.174240947502284,TMEM86B,0.28911935203554584,0,0,1
36,Citric Acid (TCA) Cycle And Respiratory Electron Transport R-HSA-1428517,0.19835980906420306,4.70346628679962,7.608668913145152,NDUFA13,0.3526396605585832,0,0,1
37,Separation Of Sister Chromatids R-HSA-2467813,0.20596757532525803,4.5070550751024125,7.1213116339589275,CENPM,0.3531994483628173,0,0,1
38,Major Pathway Of rRNA Processing In Nucleolus And Cytosol R-HSA-6791226,0.21564687880438416,4.277225583405358,6.561747497292318,EMG1,0.3531994483628173,0,0,1
39,Cellular Response To Chemical Stress R-HSA-9711123,0.21884798902042812,4.2056948576285595,6.390039838641086,GPX2,0.3531994483628173,0,0,1
40,Mitotic Prometaphase R-HSA-68877,0.22309657147928277,4.113929313929314,6.171513303628148,CENPM,0.3531994483628173,0,0,1
41,rRNA Processing In Nucleus And Cytosol R-HSA-8868773,0.22626839660742984,4.047667757774141,6.01496943456091,EMG1,0.3531994483628173,0,0,1
42,rRNA Processing R-HSA-72312,0.2367513379608439,3.8412975912975913,5.534329897012579,EMG1,0.3607639435593812,0,0,1
43,Phospholipid Metabolism R-HSA-1483257,0.24606894023320064,3.6726124117428465,5.149529758722887,TMEM86B,0.36624214360290325,0,0,1
44,Biological Oxidations R-HSA-211859,0.25629336069836217,3.501595179014534,4.767185654904273,CYP4F11,0.369538771789991,0,0,1
45,Cellular Responses To Stimuli R-HSA-8953897,0.26178713414663984,2.0968937329700275,2.8103064058416067,GPX2;MT1H,0.369538771789991,0,0,2
46,Mitotic Anaphase R-HSA-68882,0.27038349485053065,3.287046287046287,4.2991737800011105,CENPM,0.369538771789991,0,0,1
47,Mitotic Metaphase And Anaphase R-HSA-2555396,0.27138003553327467,3.2727122015915118,4.268386110226575,CENPM,0.369538771789991,0,0,1
48,RHO GTPase Effectors R-HSA-195258,0.3063952754397141,2.8279276693455797,3.3450969911615966,CENPM,0.40266747580788703,0,0,1
49,Cell Cycle Checkpoints R-HSA-69620,0.30829228616541354,2.806695156695157,3.302657739374279,CENPM,0.40266747580788703,0,0,1
50,Transcriptional Regulation By TP53 R-HSA-3700989,0.3827589030698481,2.1377206363042056,2.0529599786967845,GPX2,0.4899313959294056,0,0,1
51,M Phase R-HSA-68886,0.40445322030879455,1.9884310939719911,1.7999659988855834,CENPM,0.5057567202065394,0,0,1
52,Innate Immune System R-HSA-168249,0.4109273351678132,1.4667957405614716,1.3044784813860164,REG3A;DEFA5,0.5057567202065394,0,0,2
53,"Cell Cycle, Mitotic R-HSA-69278",0.5112558000004137,1.433171234895373,0.9614934091743889,CENPM,0.6173654943401222,0,0,1
54,Signaling By Rho GTPases R-HSA-194315,0.5869918077782246,1.1562387845436057,0.6159797552607494,CENPM,0.673110445625614,0,0,1
55,Cell Cycle R-HSA-1640170,0.5927182035837572,1.1379432206384734,0.5951854952974747,CENPM,0.673110445625614,0,0,1
56,"Signaling By Rho GTPases, Miro GTPases And RHOBTB3 R-HSA-9716542",0.5961172598094232,1.1272324034084278,0.5831374846628533,CENPM,0.673110445625614,0,0,1
57,Metabolism Of RNA R-HSA-8953854,0.5994889906353125,1.1167148640832851,0.5713980585112453,EMG1,0.673110445625614,0,0,1
58,Cellular Responses To Stress R-HSA-2262752,0.6296786856451443,1.0269924250506774,0.47503084026550413,GPX2,0.6948178600222281,0,0,1
59,Immune System R-HSA-168256,0.7528716034581443,0.743204533745492,0.21096646930685206,REG3A;DEFA5,0.816674281717309,0,0,2
60,Developmental Biology R-HSA-1266738,0.7745928300252928,0.6781357634902411,0.17320792331649632,PTGDS,0.826232352026979,0,0,1
61,Generic Transcription Pathway R-HSA-212436,0.809362879586967,0.6076211425244226,0.12851667746174347,GPX2,0.8491676113699326,0,0,1
62,RNA Polymerase II Transcription R-HSA-73857,0.8400979602621732,0.547497506307575,0.09539419959211982,GPX2,0.8671978944641787,0,0,1
63,Gene Expression (Transcription) R-HSA-74160,0.8689261118169079,0.49205801104972374,0.06913276492185792,GPX2,0.8827185897822556,0,0,1
64,Signal Transduction R-HSA-162582,0.9713845200312776,0.27330482017982016,0.007934827394571891,CENPM,0.9713845200312776,0,0,1
