gene_set,library,n_sig_padj0.05,n_total
UP,GO_Biological_Process_2023,109,490
UP,GO_Molecular_Function_2023,21,66
UP,GO_Cellular_Component_2023,1,37
UP,KEGG_2021_Human,22,88
UP,Reactome_2022,24,123
UP,MSigDB_Hallmark_2020,3,22
DOWN,GO_Biological_Process_2023,0,116
DOWN,GO_Molecular_Function_2023,0,17
DOWN,GO_Cellular_Component_2023,0,20
DOWN,KEGG_2021_Human,0,20
DOWN,Reactome_2022,3,64
DOWN,MSigDB_Hallmark_2020,0,4
SIG,GO_Biological_Process_2023,42,567
SIG,GO_Molecular_Function_2023,8,77
SIG,GO_Cellular_Component_2023,1,51
SIG,KEGG_2021_Human,10,100
SIG,Reactome_2022,14,172
SIG,MSigDB_Hallmark_2020,1,23
