rank,term,pvalue,odds_ratio,combined_score,genes,adj_pvalue,n_overlap
1,Defense Response To Fungus (GO:0050832),2.3150387303553004e-07,106.0,1619.5389387388093,S100A12;CLEC4E;S100A9;S100A8,8.699188058166255e-05,4
2,Antimicrobial Humoral Immune Response Mediated By Antimicrobial Peptide (GO:0061844),3.06849666954718e-07,43.484479610468654,652.1327355141186,REG3A;CXCL8;DEFA5;S100A12;S100A9,8.699188058166255e-05,5
3,Leukocyte Aggregation (GO:0070486),2.1553986198807426e-06,195.21818181818182,2547.116035915137,IL1B;S100A9;S100A8,0.0002588045036422464,3
4,Neutrophil Chemotaxis (GO:0030593),2.2168867928509613e-06,28.050314465408807,365.1984518594261,CXCL8;S100A12;S100A9;TREM1;S100A8,0.0002588045036422464,5
5,Antimicrobial Humoral Response (GO:0019730),2.6709490508284037e-06,26.92452830188679,345.5245367814579,REG3A;CXCL8;DEFA5;S100A12;S100A9,0.0002588045036422464,5
6,Granulocyte Chemotaxis (GO:0071621),2.923811441091464e-06,26.394746577876433,336.3382917513958,CXCL8;S100A12;S100A9;TREM1;S100A8,0.0002588045036422464,5
7,Neutrophil Migration (GO:1990266),3.195117328916622e-06,25.88534107402032,327.55017438771847,CXCL8;S100A12;S100A9;TREM1;S100A8,0.0002588045036422464,5
8,Positive Regulation Of Inflammatory Response (GO:0050729),1.8162351622462128e-05,17.681231380337636,193.0111454147061,IL1B;OSM;S100A12;S100A9;S100A8,0.0012872566712420032,5
9,Positive Regulation Of Defense Response (GO:0031349),3.934486885580507e-05,14.916142557651991,151.29659664137338,IL1B;OSM;S100A12;S100A9;S100A8,0.002478726737915719,5
10,Inflammatory Response (GO:0006954),5.8887277551959335e-05,10.021472392638037,97.60799356006102,CXCL8;VNN1;IL1B;FOS;S100A9;S100A8,0.0033389086371960943,6
11,Response To Molecule Of Bacterial Origin (GO:0002237),6.486403033270668e-05,21.14074074074074,203.864757269995,CXCL8;IL1B;S100A9;S100A8,0.003343445927149517,4
12,Defense Response To Bacterium (GO:0042742),7.937313938010922e-05,12.771787960467206,120.5829271816742,IL1B;DEFA5;S100A12;S100A9;S100A8,0.0035333758951271565,5
13,Regulation Of Inflammatory Response (GO:0050727),8.101214574365615e-05,9.43552690084482,88.89126357811348,REG3A;IL1B;OSM;S100A12;S100A9;S100A8,0.0035333758951271565,6
14,Positive Regulation Of Response To External Stimulus (GO:0032103),0.00011521964367387238,11.756041046011255,106.61166035286165,IL1B;OSM;S100A12;S100A9;S100A8,0.004666395568791832,5
15,Response To Lipopolysaccharide (GO:0032496),0.00013465079228257334,11.354333226734889,101.19919474622785,CXCL8;IL1B;DEFA5;S100A9;S100A8,0.005089799948281272,5
16,Cellular Response To Oxygen-Containing Compound (GO:1901701),0.00017496336689394674,6.687363834422658,57.851942750882934,SFRP1;NDUFA13;CXCL8;IL1B;AQP9;DEFA5;FOS,0.006200264314304238,7
17,Regulation Of Adiponectin Secretion (GO:0070163),0.0002374091558095429,127.82142857142857,1066.762557091429,HCAR2;IL1B,0.007478388408000601,2
18,Regulation Of Cell Adhesion Molecule Production (GO:0060353),0.0002374091558095429,127.82142857142857,1066.762557091429,CXCL8;IL1B,0.007478388408000601,2
19,Negative Regulation Of Hormone Secretion (GO:0046888),0.000331511463560067,102.25,819.2114751842626,IL1B;OSM,0.0093983499919279,2
20,Regulation Of RNA Biosynthetic Process (GO:2001141),0.000331511463560067,102.25,819.2114751842626,CXCL8;IL1B,0.0093983499919279,2
21,Positive Regulation Of Intrinsic Apoptotic Signaling Pathway (GO:2001244),0.00037198967187900624,24.354545454545455,192.31918663045897,VNN1;S100A9;S100A8,0.010043721140733168,3
22,Peptidyl-Cysteine Modification (GO:0018198),0.00044086990048312614,85.20238095238095,658.3384117807565,S100A9;S100A8,0.011362419707906024,2
23,Cellular Response To Lipid (GO:0071396),0.0005549366017473713,8.244817144188213,61.808563534432935,SFRP1;NDUFA13;CXCL8;IL1B;DEFA5,0.013680393616989545,5
24,Regulation Of Intrinsic Apoptotic Signaling Pathway (GO:2001242),0.0008360610939002474,18.110359408033826,128.34465566859075,NDUFA13;S100A9;S100A8,0.019751943343393346,3
25,Positive Regulation Of Acute Inflammatory Response (GO:0002675),0.0010284684383573706,51.107142857142854,351.60102041405025,IL1B;OSM,0.023325664181945167,2
26,Negative Regulation Of Lipid Catabolic Process (GO:0050995),0.0012123161560361351,46.45779220779221,311.97441481105744,HCAR2;IL1B,0.02643781771048033,2
27,Negative Regulation Of Cell Communication (GO:0010648),0.0014107082495790468,42.583333333333336,279.5026662813201,IL1B;OSM,0.029624873241159984,2
28,Positive Regulation Of Apoptotic Signaling Pathway (GO:2001235),0.0014837611766342813,14.683018867924527,95.6330725805599,G0S2;S100A9;S100A8,0.030046163826844198,3
29,Positive Regulation Of NF-kappaB Transcription Factor Activity (GO:0051092),0.0016551844728205133,8.620522161505768,55.20446888330799,IL1B;S100A12;S100A9;S100A8,0.032361710209973485,4
30,Negative Regulation Of Fibroblast Proliferation (GO:0048147),0.0020919917098237385,34.05952380952381,210.1349560484937,SFRP1;FTH1,0.03594422119606242,2
31,Regulation Of Lipid Catabolic Process (GO:0050994),0.0020919917098237385,34.05952380952381,210.1349560484937,HCAR2;IL1B,0.03594422119606242,2
32,Response To Fibroblast Growth Factor (GO:0071774),0.0020919917098237385,34.05952380952381,210.1349560484937,SFRP1;CXCL8,0.03594422119606242,2
33,Negative Regulation Of G Protein-Coupled Receptor Signaling Pathway (GO:0045744),0.0020919917098237385,34.05952380952381,210.1349560484937,CXCL8;PLEK,0.03594422119606242,2
34,Positive Regulation Of Cellular Process (GO:0048522),0.0022635151880855083,4.25,25.886054194719833,REG3A;SFRP1;IL1B;OSM;HBB;S100A9;S100A8,0.03648047033698084,7
35,Positive Regulation Of Growth (GO:0045927),0.00227883388339013,12.543695014662756,76.31698723270709,SFRP1;S100A9;S100A8,0.03648047033698084,3
36,Negative Regulation Of Lipid Metabolic Process (GO:0045833),0.002347405579990279,31.928571428571427,193.3097658882569,HCAR2;IL1B,0.03648047033698084,2
37,Cellular Response To Interleukin-1 (GO:0071347),0.0023805597927130354,12.343722943722943,74.56126615353517,SFRP1;CXCL8;IL1B,0.03648047033698084,3
38,Response To Interleukin-1 (GO:0070555),0.0025923647184349858,11.962237762237763,71.23733650903779,SFRP1;CXCL8;IL1B,0.03709298832090064,3
39,Regulation Of Heterotypic Cell-Cell Adhesion (GO:0034114),0.0026167892995344363,30.048319327731093,178.66151253201593,IL1RN;IL1B,0.03709298832090064,2
40,Response To Cadmium Ion (GO:0046686),0.0026167892995344363,30.048319327731093,178.66151253201593,MT1H;FOS,0.03709298832090064,2
41,Negative Regulation Of Signaling (GO:0023057),0.003197015285149959,26.88157894736842,154.4491233374328,IL1B;OSM,0.04315970634952444,2
42,Cellular Response To Cadmium Ion (GO:0071276),0.003197015285149959,26.88157894736842,154.4491233374328,MT1H;FOS,0.04315970634952444,2
43,Positive Regulation Of Nitric Oxide Biosynthetic Process (GO:0045429),0.004169326523481846,23.211038961038962,127.19651117879873,IL1B;HBB,0.0535897789362041,2
44,Hematopoietic Progenitor Cell Differentiation (GO:0002244),0.004169326523481846,23.211038961038962,127.19651117879873,SFRP1;PLEK,0.0535897789362041,2
45,Positive Regulation Of Cell Growth (GO:0030307),0.004253157058428897,9.959440559440559,54.3794789980799,SFRP1;S100A9;S100A8,0.0535897789362041,3
46,Positive Regulation Of Nitric Oxide Metabolic Process (GO:1904407),0.0045201809808474176,22.200310559006212,119.86398883082012,IL1B;HBB,0.05571614382914099,2
47,Response To Lipid (GO:0033993),0.004709545838066611,9.588552188552189,51.37703323726638,IL1B;S100A9;S100A8,0.05681515936561209,3
48,Negative Regulation Of Protein Secretion (GO:0050709),0.005261360834172867,20.42142857142857,107.15870121620094,SFRP1;IL1B,0.06205294413971375,2
49,Positive Regulation Of Cysteine-Type Endopeptidase Activity Involved In Apoptotic Process (GO:0043280),0.00536260011083946,9.13475935828877,47.759320141385984,NDUFA13;S100A9;S100A8,0.06205294413971375,3
50,Platelet Aggregation (GO:0070527),0.005651470081634909,19.634615384615383,101.62561937170554,PLEK;HBB,0.06283104973111751,2
51,Positive Regulation Of Extrinsic Apoptotic Signaling Pathway (GO:2001238),0.005651470081634909,19.634615384615383,101.62561937170554,SFRP1;G0S2,0.06283104973111751,2
52,Cellular Response To Molecule Of Bacterial Origin (GO:0071219),0.00588642126025742,8.821487603305785,45.299283287858465,CXCL8;IL1B;DEFA5,0.0641846318185761,3
53,Negative Regulation Of Cell Population Proliferation (GO:0008285),0.00710777770060339,4.48512951710905,22.185987576939407,SFRP1;CXCL8;IL1B;FTH1;OSM,0.07534386934527852,5
54,Cellular Response To Lipopolysaccharide (GO:0071222),0.007224791436579509,8.167464114832535,40.26753305891231,CXCL8;IL1B;DEFA5,0.07534386934527852,3
55,Negative Regulation Of Cellular Process (GO:0048523),0.007691395218781289,3.7632719393282774,18.318302242774163,SFRP1;NDUFA13;CXCL8;IL1B;FTH1;OSM,0.07534386934527852,6
56,Regulation Of Cell Growth (GO:0001558),0.0077287448178070895,5.508771929824562,26.78810465941198,SFRP1;NDUFA13;S100A9;S100A8,0.07534386934527852,4
57,Negative Regulation Of Lymphocyte Differentiation (GO:0045620),0.008051798164822639,251.21052631578948,1211.301947720905,SFRP1,0.07534386934527852,1
58,Carbon Dioxide Transport (GO:0015670),0.008051798164822639,251.21052631578948,1211.301947720905,HBB,0.07534386934527852,1
59,Homotypic Cell-Cell Adhesion (GO:0034109),0.008258686346580245,15.946428571428571,76.48688106505313,PLEK;HBB,0.07534386934527852,2
60,Arachidonic Acid Metabolic Process (GO:0019369),0.008258686346580245,15.946428571428571,76.48688106505313,PTGDS;CYP4F11,0.07534386934527852,2
61,Defense Response To Gram-negative Bacterium (GO:0050829),0.008258686346580245,15.946428571428571,76.48688106505313,DEFA5;TREM1,0.07534386934527852,2
62,Endothelial Cell Migration (GO:0043542),0.008258686346580245,15.946428571428571,76.48688106505313,S100A12;S100A9,0.07534386934527852,2
63,Positive Regulation Of DNA-binding Transcription Factor Activity (GO:0051091),0.008437603433262626,5.365622032288699,25.621150852016996,IL1B;S100A12;S100A9;S100A8,0.07534386934527852,4
64,Negative Regulation Of Growth (GO:0045926),0.00850442264214784,7.6790279027902795,36.607223307265656,SFRP1;NDUFA13;MT1H,0.07534386934527852,3
65,Epithelial Cell Migration (GO:0010631),0.009226790281603945,15.006302521008404,70.31419196126397,S100A12;S100A9,0.0780834341741707,2
66,Regulation Of Nitric Oxide Biosynthetic Process (GO:0045428),0.009226790281603945,15.006302521008404,70.31419196126397,IL1B;HBB,0.0780834341741707,2
67,Cellular Response To Fibroblast Growth Factor Stimulus (GO:0044344),0.009226790281603945,15.006302521008404,70.31419196126397,SFRP1;CXCL8,0.0780834341741707,2
68,Negative Regulation Of Signal Transduction (GO:0009968),0.009658450453881534,5.151249771939427,23.90139741282772,SFRP1;CXCL8;IL1B;PLEK,0.08053443246104161,4
69,Defense Response To Gram-positive Bacterium (GO:0050830),0.010768957124590724,13.786679536679536,62.46865302493208,IL1B;DEFA5,0.08849273463250638,2
70,Cellular Response To Organic Cyclic Compound (GO:0071407),0.011177357859591716,6.919480519480519,31.09521247740355,SFRP1;IL1B;AQP9,0.09029364044618261,3
71,Regulation Of Fibroblast Proliferation (GO:0048145),0.011306611061162198,13.422932330827068,60.16651797909352,SFRP1;FTH1,0.09029364044618261,2
72,Fat-Soluble Vitamin Catabolic Process (GO:0042363),0.012053790620485873,125.59649122807018,554.9325343574322,CYP4F11,0.09362327783308891,1
73,Intracellular Sequestering Of Iron Ion (GO:0006880),0.012053790620485873,125.59649122807018,554.9325343574322,FTH1,0.09362327783308891,1
74,Response To Organic Cyclic Compound (GO:0014070),0.012416716667023464,12.75,55.956072848469766,SFRP1;IL1B,0.09513889662435546,2
75,Positive Regulation Of Actin Filament Bundle Assembly (GO:0032233),0.014167389913168169,11.85797342192691,50.4771687795467,SFRP1;PLEK,0.09573298680734284,2
76,Cellular Response To Cytokine Stimulus (GO:0071345),0.014198236371898829,4.578297595841455,19.47899673471724,SFRP1;NDUFA13;CXCL8;IL1B,0.09573298680734284,4
77,Negative Regulation Of Epidermal Cell Differentiation (GO:0045605),0.016039918424510705,83.72514619883042,346.0087986666548,REG3A,0.09573298680734284,1
78,Positive Regulation Of Humoral Immune Response (GO:0002922),0.016039918424510705,83.72514619883042,346.0087986666548,IL1B,0.09573298680734284,1
79,Regulation Of Circadian Sleep/Wake Cycle (GO:0042749),0.016039918424510705,83.72514619883042,346.0087986666548,PTGDS,0.09573298680734284,1
80,"Regulation Of Circadian Sleep/Wake Cycle, Sleep (GO:0045187)",0.016039918424510705,83.72514619883042,346.0087986666548,PTGDS,0.09573298680734284,1
81,Glycerol Transmembrane Transport (GO:0015793),0.016039918424510705,83.72514619883042,346.0087986666548,AQP9,0.09573298680734284,1
82,Regulation Of Immature T Cell Proliferation In Thymus (GO:0033084),0.016039918424510705,83.72514619883042,346.0087986666548,IL1B,0.09573298680734284,1
83,Regulation Of Inositol Phosphate Biosynthetic Process (GO:0010919),0.016039918424510705,83.72514619883042,346.0087986666548,PLEK,0.09573298680734284,1
84,Regulation Of Interleukin-1-Mediated Signaling Pathway (GO:2000659),0.016039918424510705,83.72514619883042,346.0087986666548,IL1RN,0.09573298680734284,1
85,Hyaluronan Biosynthetic Process (GO:0030213),0.016039918424510705,83.72514619883042,346.0087986666548,IL1B,0.09573298680734284,1
86,Amine Transport (GO:0015837),0.016039918424510705,83.72514619883042,346.0087986666548,AQP9,0.09573298680734284,1
87,Astrocyte Differentiation (GO:0048708),0.016039918424510705,83.72514619883042,346.0087986666548,S100A9,0.09573298680734284,1
88,Autocrine Signaling (GO:0035425),0.016039918424510705,83.72514619883042,346.0087986666548,S100A9,0.09573298680734284,1
89,Killing By Host Of Symbiont Cells (GO:0051873),0.016039918424510705,83.72514619883042,346.0087986666548,DEFA5,0.09573298680734284,1
90,Leukocyte Apoptotic Process (GO:0071887),0.016039918424510705,83.72514619883042,346.0087986666548,HCAR2,0.09573298680734284,1
91,Oxygen Transport (GO:0015671),0.016039918424510705,83.72514619883042,346.0087986666548,HBB,0.09573298680734284,1
92,Positive Regulation Of T-helper 1 Cell Cytokine Production (GO:2000556),0.016039918424510705,83.72514619883042,346.0087986666548,IL1B,0.09573298680734284,1
93,Response To Heparin (GO:0071503),0.016039918424510705,83.72514619883042,346.0087986666548,SFRP1,0.09573298680734284,1
94,Regulation Of T-helper 1 Cell Cytokine Production (GO:2000554),0.016039918424510705,83.72514619883042,346.0087986666548,IL1B,0.09573298680734284,1
95,Regulation Of Calcidiol 1-Monooxygenase Activity (GO:0060558),0.016039918424510705,83.72514619883042,346.0087986666548,IL1B,0.09573298680734284,1
96,Positive Regulation Of Proteolysis (GO:0045862),0.01665716700748329,10.845744680851064,44.412399372409844,NDUFA13;IL1B,0.09838139263794818,2
97,Positive Regulation Of Interleukin-8 Production (GO:0032757),0.01730674907302313,10.619047619047619,43.07785226767702,IL1B;DEFA5,0.10013190535106238,2
98,Regulation Of G Protein-Coupled Receptor Signaling Pathway (GO:0008277),0.01730674907302313,10.619047619047619,43.07785226767702,CXCL8;PLEK,0.10013190535106238,2
99,Positive Regulation Of Icosanoid Secretion (GO:0032305),0.020010241998229074,62.78947368421053,245.6017192977873,IL1B,0.10130185011603468,1
100,Regulation Of Entry Of Bacterium Into Host Cell (GO:2000535),0.020010241998229074,62.78947368421053,245.6017192977873,CXCL8,0.10130185011603468,1
101,Negative Regulation Of Osteoblast Proliferation (GO:0033689),0.020010241998229074,62.78947368421053,245.6017192977873,SFRP1,0.10130185011603468,1
102,Antifungal Innate Immune Response (GO:0061760),0.020010241998229074,62.78947368421053,245.6017192977873,CLEC4E,0.10130185011603468,1
103,Positive Regulation Of Unsaturated Fatty Acid Biosynthetic Process (GO:2001280),0.020010241998229074,62.78947368421053,245.6017192977873,IL1B,0.10130185011603468,1
104,Regulation Of Prostaglandin Biosynthetic Process (GO:0031392),0.020010241998229074,62.78947368421053,245.6017192977873,IL1B,0.10130185011603468,1
105,Omega-Hydroxylase P450 Pathway (GO:0097267),0.020010241998229074,62.78947368421053,245.6017192977873,CYP4F11,0.10130185011603468,1
106,Protein Kinase C Signaling (GO:0070528),0.020010241998229074,62.78947368421053,245.6017192977873,PLEK,0.10130185011603468,1
107,Cellular Response To Prostaglandin E Stimulus (GO:0071380),0.020010241998229074,62.78947368421053,245.6017192977873,SFRP1,0.10130185011603468,1
108,Positive Regulation Of T Cell Differentiation In Thymus (GO:0033089),0.020010241998229074,62.78947368421053,245.6017192977873,VNN1,0.10130185011603468,1
109,Response To Corticosteroid (GO:0031960),0.020010241998229074,62.78947368421053,245.6017192977873,IL1RN,0.10130185011603468,1
110,Response To Vitamin D (GO:0033280),0.020010241998229074,62.78947368421053,245.6017192977873,SFRP1,0.10130185011603468,1
111,Positive Regulation Of Extrinsic Apoptotic Signaling Pathway Via Death Domain Receptors (GO:1902043),0.020010241998229074,62.78947368421053,245.6017192977873,SFRP1,0.10130185011603468,1
112,Positive Regulation Of Fibroblast Apoptotic Process (GO:2000271),0.020010241998229074,62.78947368421053,245.6017192977873,SFRP1,0.10130185011603468,1
113,Activation Of Cysteine-Type Endopeptidase Activity Involved In Apoptotic Process (GO:0006919),0.02214728055939248,9.262987012987013,35.29235626208749,S100A9;S100A8,0.1101535796243468,2
114,Response To Reactive Oxygen Species (GO:0000302),0.02214728055939248,9.262987012987013,35.29235626208749,HBB;FOS,0.1101535796243468,2
115,Regulation Of Insulin Secretion (GO:0050796),0.022879605624091373,9.096938775510203,34.363771274757724,SFRP1;IL1B,0.11137749316002887,2
116,Positive Regulation Of Cellular Biosynthetic Process (GO:0031328),0.023006129160485254,5.223095823095823,19.70148930954752,CXCL8;IL1B;HBB,0.11137749316002887,3
117,Cellular Response To Hypoxia (GO:0071456),0.023621864474944024,8.93671679197995,33.47321033670836,SFRP1;NDRG1,0.11137749316002887,2
118,Positive Regulation Of Granulocyte Macrophage Colony-Stimulating Factor Production (GO:0032725),0.023964822161417147,50.228070175438596,187.40938155933105,IL1B,0.11137749316002887,1
119,Gas Transport (GO:0015669),0.023964822161417147,50.228070175438596,187.40938155933105,HBB,0.11137749316002887,1
120,Regulation Of Gap Junction Assembly (GO:1903596),0.023964822161417147,50.228070175438596,187.40938155933105,IL1B,0.11137749316002887,1
121,Positive Regulation Of Myeloid Cell Apoptotic Process (GO:0033034),0.023964822161417147,50.228070175438596,187.40938155933105,HCAR2,0.11137749316002887,1
122,Positive Regulation Of Platelet Activation (GO:0010572),0.023964822161417147,50.228070175438596,187.40938155933105,PLEK,0.11137749316002887,1
123,Cellular Response To Decreased Oxygen Levels (GO:0036294),0.024373968007147497,8.782019704433498,32.6185253643991,SFRP1;NDRG1,0.11235804764270431,2
124,Positive Regulation Of Intracellular Signal Transduction (GO:1902533),0.02731245484784376,3.1453327903714765,11.324495367085362,IL1B;OSM;S100A12;S100A9;S100A8,0.1129171505278449,5
125,Negative Regulation Of Catabolic Process (GO:0009895),0.027479065646462807,8.213133640552995,29.52071931902911,HCAR2;IL1B,0.1129171505278449,2
126,Regulation Of Complement Activation (GO:0030449),0.027903719794692146,41.853801169590646,149.7945565458638,IL1B,0.1129171505278449,1
127,Negative Regulation Of Heterotypic Cell-Cell Adhesion (GO:0034115),0.027903719794692146,41.853801169590646,149.7945565458638,IL1RN,0.1129171505278449,1
128,Negative Regulation Of Inflammatory Response To Wounding (GO:0106015),0.027903719794692146,41.853801169590646,149.7945565458638,REG3A,0.1129171505278449,1
129,Fluid Transport (GO:0042044),0.027903719794692146,41.853801169590646,149.7945565458638,AQP9,0.1129171505278449,1
130,Regulation Of Fibroblast Apoptotic Process (GO:2000269),0.027903719794692146,41.853801169590646,149.7945565458638,SFRP1,0.1129171505278449,1
131,Regulation Of Glial Cell Proliferation (GO:0060251),0.027903719794692146,41.853801169590646,149.7945565458638,IL1B,0.1129171505278449,1
132,Positive Regulation Of Monocyte Chemotactic Protein-1 Production (GO:0071639),0.027903719794692146,41.853801169590646,149.7945565458638,IL1B,0.1129171505278449,1
133,Regulation Of Granulocyte Macrophage Colony-Stimulating Factor Production (GO:0032645),0.027903719794692146,41.853801169590646,149.7945565458638,IL1B,0.1129171505278449,1
134,Positive Regulation Of Neuroinflammatory Response (GO:0150078),0.027903719794692146,41.853801169590646,149.7945565458638,IL1B,0.1129171505278449,1
135,Positive Regulation Of Protein Depolymerization (GO:1901881),0.027903719794692146,41.853801169590646,149.7945565458638,PLEK,0.1129171505278449,1
136,Positive Regulation Of Vascular Endothelial Growth Factor Receptor Signaling Pathway (GO:0030949),0.027903719794692146,41.853801169590646,149.7945565458638,IL1B,0.1129171505278449,1
137,rRNA Base Methylation (GO:0070475),0.027903719794692146,41.853801169590646,149.7945565458638,EMG1,0.1129171505278449,1
138,Regulation Of Cell-Cell Adhesion Involved In Gastrulation (GO:0070587),0.027903719794692146,41.853801169590646,149.7945565458638,IL1RN,0.1129171505278449,1
139,Regulation Of Angiogenesis (GO:0045765),0.028021125270842072,4.827272727272727,17.2565180329026,SFRP1;CXCL8;IL1B,0.1129171505278449,3
140,Regulation Of Interleukin-8 Production (GO:0032677),0.028279074735368566,8.082199546485262,28.818158680191523,IL1B;DEFA5,0.1129171505278449,2
141,Monocarboxylic Acid Metabolic Process (GO:0032787),0.028279074735368566,8.082199546485262,28.818158680191523,VNN1;CYP4F11,0.1129171505278449,2
142,Positive Regulation Of Catabolic Process (GO:0009896),0.028279074735368566,8.082199546485262,28.818158680191523,NDUFA13;IL1B,0.1129171505278449,2
143,Regulation Of Cell Population Proliferation (GO:0042127),0.029679103774453482,2.7432792121373435,9.648969049713171,REG3A;SFRP1;CXCL8;IL1B;FTH1;OSM,0.11349626763753184,6
144,Regulation Of Peptidyl-Tyrosine Phosphorylation (GO:0050730),0.02990697119190697,7.832417582417582,27.489151480591804,SFRP1;OSM,0.11349626763753184,2
145,Regulation Of Epithelial To Mesenchymal Transition (GO:0010717),0.030734688256254222,7.713203463203463,26.860177063928273,SFRP1;IL1B,0.11349626763753184,2
146,Positive Regulation Of Keratinocyte Proliferation (GO:0010838),0.03182699568671528,35.87218045112782,123.66720514063326,REG3A,0.11349626763753184,1
147,Positive Regulation Of Leukocyte Apoptotic Process (GO:2000108),0.03182699568671528,35.87218045112782,123.66720514063326,HCAR2,0.11349626763753184,1
148,Regulation Of Endothelial Cell Development (GO:1901550),0.03182699568671528,35.87218045112782,123.66720514063326,IL1B,0.11349626763753184,1
149,Positive Regulation Of Non-Canonical Wnt Signaling Pathway (GO:2000052),0.03182699568671528,35.87218045112782,123.66720514063326,SFRP1,0.11349626763753184,1
150,Hematopoietic Stem Cell Differentiation (GO:0060218),0.03182699568671528,35.87218045112782,123.66720514063326,SFRP1,0.11349626763753184,1
151,Vitamin K Metabolic Process (GO:0042373),0.03182699568671528,35.87218045112782,123.66720514063326,CYP4F11,0.11349626763753184,1
152,Water Transport (GO:0006833),0.03182699568671528,35.87218045112782,123.66720514063326,AQP9,0.11349626763753184,1
153,Induction Of Positive Chemotaxis (GO:0050930),0.03182699568671528,35.87218045112782,123.66720514063326,CXCL8,0.11349626763753184,1
154,Negative Regulation Of Transmembrane Transport (GO:0034763),0.03182699568671528,35.87218045112782,123.66720514063326,IL1B,0.11349626763753184,1
155,Regulation Of Monooxygenase Activity (GO:0032768),0.03182699568671528,35.87218045112782,123.66720514063326,IL1B,0.11349626763753184,1
156,Cellular Response To Prostaglandin Stimulus (GO:0071379),0.03182699568671528,35.87218045112782,123.66720514063326,SFRP1,0.11349626763753184,1
157,Positive Regulation Of RNA Biosynthetic Process (GO:1902680),0.03182699568671528,35.87218045112782,123.66720514063326,IL1B,0.11349626763753184,1
158,Positive Regulation Of T-helper 1 Type Immune Response (GO:0002827),0.03182699568671528,35.87218045112782,123.66720514063326,IL1B,0.11349626763753184,1
159,Cyclooxygenase Pathway (GO:0019371),0.03182699568671528,35.87218045112782,123.66720514063326,PTGDS,0.11349626763753184,1
160,Negative Regulation Of Glucose Transmembrane Transport (GO:0010829),0.035734710505120074,31.385964912280702,104.56650951802185,IL1B,0.11830676004911816,1
161,Positive Regulation Of Integrin Activation (GO:0033625),0.035734710505120074,31.385964912280702,104.56650951802185,PLEK,0.11830676004911816,1
162,Granulocyte Activation (GO:0036230),0.035734710505120074,31.385964912280702,104.56650951802185,CXCL8,0.11830676004911816,1
163,Regulation Of Inflammatory Response To Wounding (GO:0106014),0.035734710505120074,31.385964912280702,104.56650951802185,REG3A,0.11830676004911816,1
164,Hyaluronan Metabolic Process (GO:0030212),0.035734710505120074,31.385964912280702,104.56650951802185,IL1B,0.11830676004911816,1
165,Negative Regulation Of Synaptic Transmission (GO:0050805),0.035734710505120074,31.385964912280702,104.56650951802185,IL1B,0.11830676004911816,1
166,Innate Immune Response In Mucosa (GO:0002227),0.035734710505120074,31.385964912280702,104.56650951802185,DEFA5,0.11830676004911816,1
167,Cellular Response To Zinc Ion (GO:0071294),0.035734710505120074,31.385964912280702,104.56650951802185,MT1H,0.11830676004911816,1
168,Positive Regulation Of Actin Filament Depolymerization (GO:0030836),0.035734710505120074,31.385964912280702,104.56650951802185,PLEK,0.11830676004911816,1
169,Positive Regulation Of Cell Activation (GO:0050867),0.035734710505120074,31.385964912280702,104.56650951802185,PLEK,0.11830676004911816,1
170,Response To Prostaglandin E (GO:0034695),0.035734710505120074,31.385964912280702,104.56650951802185,SFRP1,0.11830676004911816,1
171,Negative Regulation Of Bone Remodeling (GO:0046851),0.035734710505120074,31.385964912280702,104.56650951802185,SFRP1,0.11830676004911816,1
172,Positive Regulation Of MAP Kinase Activity (GO:0043406),0.03588847042054378,7.067460317460317,23.51583771118288,IL1B;S100A12,0.11830676004911816,2
173,Negative Regulation Of Multicellular Organismal Process (GO:0051241),0.03654841787792319,4.333605720122574,14.340410007551947,REG3A;SFRP1;IL1B,0.11978585512591011,3
174,Cytokine-Mediated Signaling Pathway (GO:0019221),0.03808575292788723,4.260873932697137,13.924173861983082,CXCL8;IL1B;OSM,0.12145116926825267,3
175,Positive Regulation Of Protein Catabolic Process (GO:0045732),0.03949684706967132,6.693609022556391,21.63062802593021,NDUFA13;IL1B,0.12145116926825267,2
176,Cellular Response To Organonitrogen Compound (GO:0071417),0.03949684706967132,6.693609022556391,21.63062802593021,SFRP1;AQP9,0.12145116926825267,2
177,Positive Regulation Of Heterotypic Cell-Cell Adhesion (GO:0034116),0.03962692471715475,27.896686159844055,90.05737875023382,IL1B,0.12145116926825267,1
178,Positive Regulation Of Hormone Secretion (GO:0046887),0.03962692471715475,27.896686159844055,90.05737875023382,HCAR2,0.12145116926825267,1
179,Regulation Of Hematopoietic Stem Cell Differentiation (GO:1902036),0.03962692471715475,27.896686159844055,90.05737875023382,OSM,0.12145116926825267,1
180,Regulation Of Hormone Secretion (GO:0046883),0.03962692471715475,27.896686159844055,90.05737875023382,OSM,0.12145116926825267,1
181,Hydrogen Peroxide Catabolic Process (GO:0042744),0.03962692471715475,27.896686159844055,90.05737875023382,HBB,0.12145116926825267,1
182,Regulation Of Monocyte Chemotactic Protein-1 Production (GO:0071637),0.03962692471715475,27.896686159844055,90.05737875023382,IL1B,0.12145116926825267,1
183,Regulation Of Non-Canonical Wnt Signaling Pathway (GO:2000050),0.03962692471715475,27.896686159844055,90.05737875023382,SFRP1,0.12145116926825267,1
184,Positive Regulation Of Adaptive Immune Response Based On Somatic Recombination Of Immune Receptors Built From Immunoglobulin Superfamily Domains (GO:0002824),0.03962692471715475,27.896686159844055,90.05737875023382,IL1B,0.12145116926825267,1
185,Regulation Of Actin Filament Depolymerization (GO:0030834),0.03962692471715475,27.896686159844055,90.05737875023382,PLEK,0.12145116926825267,1
186,Cellular Response To Transforming Growth Factor Beta Stimulus (GO:0071560),0.04041976636051894,6.6062152133580705,21.1956210087386,SFRP1;FOS,0.12321509422803353,2
187,Negative Regulation Of Peptide Hormone Secretion (GO:0090278),0.043503698618848695,25.105263157894736,78.70272342414158,SFRP1,0.12780620267817205,1
188,Positive Regulation Of Protein Export From Nucleus (GO:0046827),0.043503698618848695,25.105263157894736,78.70272342414158,IL1B,0.12780620267817205,1
189,Astrocyte Development (GO:0014002),0.043503698618848695,25.105263157894736,78.70272342414158,S100A9,0.12780620267817205,1
190,Phosphatidylcholine Acyl-Chain Remodeling (GO:0036151),0.043503698618848695,25.105263157894736,78.70272342414158,TMEM86B,0.12780620267817205,1
191,Regulation Of T Cell Differentiation In Thymus (GO:0033081),0.043503698618848695,25.105263157894736,78.70272342414158,VNN1,0.12780620267817205,1
192,Regulation Of T Cell Mediated Immunity (GO:0002709),0.043503698618848695,25.105263157894736,78.70272342414158,IL1B,0.12780620267817205,1
193,Negative Regulation Of Alcohol Biosynthetic Process (GO:1902931),0.043503698618848695,25.105263157894736,78.70272342414158,PLEK,0.12780620267817205,1
194,Positive Regulation Of Vasculature Development (GO:1904018),0.04612615607656701,6.126075731497418,18.84610692039456,CXCL8;IL1B,0.13100491381375978,2
195,Cellular Response To Metal Ion (GO:0071248),0.04710464592050781,6.052721088435374,18.493385011202193,MT1H;FOS,0.13100491381375978,2
196,Negative Regulation Of Insulin Secretion (GO:0046676),0.04736509229598017,22.821371610845294,69.60221140970417,SFRP1,0.13100491381375978,1
197,Positive Regulation Of Membrane Protein Ectodomain Proteolysis (GO:0051044),0.04736509229598017,22.821371610845294,69.60221140970417,IL1B,0.13100491381375978,1
198,Negative Regulation Of Nervous System Development (GO:0051961),0.04736509229598017,22.821371610845294,69.60221140970417,IL1B,0.13100491381375978,1
199,Positive Regulation Of Positive Chemotaxis (GO:0050927),0.04736509229598017,22.821371610845294,69.60221140970417,CXCL8,0.13100491381375978,1
200,Protein Insertion Into Mitochondrial Inner Membrane (GO:0045039),0.04736509229598017,22.821371610845294,69.60221140970417,NDUFA13,0.13100491381375978,1
201,Cellular Response To Copper Ion (GO:0071280),0.04736509229598017,22.821371610845294,69.60221140970417,MT1H,0.13100491381375978,1
202,Cellular Response To Estrogen Stimulus (GO:0071391),0.04736509229598017,22.821371610845294,69.60221140970417,SFRP1,0.13100491381375978,1
203,Modulation By Symbiont Of Entry Into Host (GO:0052372),0.04736509229598017,22.821371610845294,69.60221140970417,CXCL8,0.13100491381375978,1
204,Negative Regulation Of Androgen Receptor Signaling Pathway (GO:0060766),0.04736509229598017,22.821371610845294,69.60221140970417,SFRP1,0.13100491381375978,1
205,Regulation Of Bone Remodeling (GO:0046850),0.04736509229598017,22.821371610845294,69.60221140970417,SFRP1,0.13100491381375978,1
206,Response To Tumor Necrosis Factor (GO:0034612),0.04809076834615775,5.98109243697479,18.15061215876725,SFRP1;CXCL8,0.13236633811782253,2
207,Hemopoiesis (GO:0030097),0.049084448243044615,5.911129568106312,17.817403770622484,SFRP1;PLEK,0.13319601333125713,2
208,Regulation Of Organelle Organization (GO:0033043),0.05109418234295096,5.775974025974026,17.17823561279076,S100A9;S100A8,0.13319601333125713,2
209,Negative Regulation Of Extrinsic Apoptotic Signaling Pathway In Absence Of Ligand (GO:2001240),0.05121116561942514,20.91812865497076,62.16444646215085,IL1B,0.13319601333125713,1
210,Ether Lipid Metabolic Process (GO:0046485),0.05121116561942514,20.91812865497076,62.16444646215085,TMEM86B,0.13319601333125713,1
211,Regulation Of Integrin Activation (GO:0033623),0.05121116561942514,20.91812865497076,62.16444646215085,PLEK,0.13319601333125713,1
212,Negative Regulation Of Signal Transduction In Absence Of Ligand (GO:1901099),0.05121116561942514,20.91812865497076,62.16444646215085,IL1B,0.13319601333125713,1
213,Innate Immune Response-Activating Signaling Pathway (GO:0002758),0.05121116561942514,20.91812865497076,62.16444646215085,CLEC4E,0.13319601333125713,1
214,Regulation Of Osteoblast Proliferation (GO:0033688),0.05121116561942514,20.91812865497076,62.16444646215085,SFRP1,0.13319601333125713,1
215,Regulation Of Single Stranded Viral RNA Replication Via Double Stranded DNA Intermediate (GO:0045091),0.05121116561942514,20.91812865497076,62.16444646215085,CXCL8,0.13319601333125713,1
216,Cellular Response To Estradiol Stimulus (GO:0071392),0.05121116561942514,20.91812865497076,62.16444646215085,SFRP1,0.13319601333125713,1
217,Renal Absorption (GO:0070293),0.05121116561942514,20.91812865497076,62.16444646215085,HBB,0.13319601333125713,1
218,Regulation Of Acute Inflammatory Response (GO:0002673),0.05121116561942514,20.91812865497076,62.16444646215085,OSM,0.13319601333125713,1
219,DNA Alkylation (GO:0006305),0.05504197825828804,19.307692307692307,55.98572654587426,FOS,0.13727638621196234,1
220,Regulation Of Glucose Transmembrane Transport (GO:0010827),0.05504197825828804,19.307692307692307,55.98572654587426,IL1B,0.13727638621196234,1
221,Acute Inflammatory Response (GO:0002526),0.05504197825828804,19.307692307692307,55.98572654587426,VNN1,0.13727638621196234,1
222,Regulation Of Neuroinflammatory Response (GO:0150077),0.05504197825828804,19.307692307692307,55.98572654587426,IL1B,0.13727638621196234,1
223,Prostanoid Biosynthetic Process (GO:0046457),0.05504197825828804,19.307692307692307,55.98572654587426,PTGDS,0.13727638621196234,1
224,Mucosal Immune Response (GO:0002385),0.05504197825828804,19.307692307692307,55.98572654587426,DEFA5,0.13727638621196234,1
225,Response To BMP (GO:0071772),0.05504197825828804,19.307692307692307,55.98572654587426,SFRP1,0.13727638621196234,1
226,Dorsal/Ventral Pattern Formation (GO:0009953),0.05504197825828804,19.307692307692307,55.98572654587426,SFRP1,0.13727638621196234,1
227,Negative Regulation Of Cell Development (GO:0010721),0.05504197825828804,19.307692307692307,55.98572654587426,IL1B,0.13727638621196234,1
228,Regulation Of MAP Kinase Activity (GO:0043405),0.055201086519095964,5.523291925465839,15.999720946649505,IL1B;S100A12,0.13727638621196234,2
229,Positive Regulation Of MAPK Cascade (GO:0043410),0.055863644286360634,3.6298456260720413,10.471529231544306,IL1B;OSM;S100A12,0.13733437582758554,3
230,Regulation Of Cytoskeleton Organization (GO:0051493),0.056245604271668366,5.463517665130568,15.724153470875095,S100A9;S100A8,0.13733437582758554,2
231,Positive Regulation Of Epithelial Cell Proliferation (GO:0050679),0.056245604271668366,5.463517665130568,15.724153470875095,REG3A;SFRP1,0.13733437582758554,2
232,Positive Regulation Of Cell Population Proliferation (GO:0008284),0.05659531151037473,2.9139280125195617,8.368303356972834,REG3A;SFRP1;IL1B;OSM,0.13733437582758554,4
233,Positive Regulation Of Protein Serine/Threonine Kinase Activity (GO:0071902),0.05729709509278262,5.405015197568389,15.455669890534177,IL1B;S100A12,0.13733437582758554,2
234,Positive Regulation Of Angiogenesis (GO:0045766),0.05729709509278262,5.405015197568389,15.455669890534177,CXCL8;IL1B,0.13733437582758554,2
235,Cellular Response To Tumor Necrosis Factor (GO:0071356),0.05835548795960625,5.347744360902255,15.19402129043935,SFRP1;CXCL8,0.13733437582758554,2
236,Positive Regulation Of Lipid Catabolic Process (GO:0050996),0.058857589640393795,17.927318295739347,50.781540077188694,IL1B,0.13733437582758554,1
237,Positive Regulation Of Lipid Metabolic Process (GO:0045834),0.058857589640393795,17.927318295739347,50.781540077188694,IL1B,0.13733437582758554,1
238,Regulation Of Establishment Of Endothelial Barrier (GO:1903140),0.058857589640393795,17.927318295739347,50.781540077188694,IL1B,0.13733437582758554,1
239,Regulation Of Hematopoietic Progenitor Cell Differentiation (GO:1901532),0.058857589640393795,17.927318295739347,50.781540077188694,OSM,0.13733437582758554,1
240,Neutrophil Activation (GO:0042119),0.058857589640393795,17.927318295739347,50.781540077188694,CXCL8,0.13733437582758554,1
241,Regulation Of Oxidative Stress-Induced Intrinsic Apoptotic Signaling Pathway (GO:1902175),0.058857589640393795,17.927318295739347,50.781540077188694,VNN1,0.13733437582758554,1
242,Cell Projection Organization (GO:0030030),0.058857589640393795,17.927318295739347,50.781540077188694,PLEK,0.13733437582758554,1
243,Response To Copper Ion (GO:0046688),0.058857589640393795,17.927318295739347,50.781540077188694,MT1H,0.13733437582758554,1
244,Negative Regulation Of Cell Growth (GO:0030308),0.06157137513562161,5.182944606413995,14.447759767821436,SFRP1;NDUFA13,0.140423397067218,2
245,Positive Regulation Of Monooxygenase Activity (GO:0032770),0.06265805900882919,16.730994152046783,46.34590736018025,IL1B,0.140423397067218,1
246,Positive Regulation Of Neutrophil Chemotaxis (GO:0090023),0.06265805900882919,16.730994152046783,46.34590736018025,CXCL8,0.140423397067218,1
247,Positive Regulation Of Nuclear Division (GO:0051785),0.06265805900882919,16.730994152046783,46.34590736018025,IL1B,0.140423397067218,1
248,Positive Regulation Of Vascular Endothelial Growth Factor Production (GO:0010575),0.06265805900882919,16.730994152046783,46.34590736018025,IL1B,0.140423397067218,1
249,Prostaglandin Biosynthetic Process (GO:0001516),0.06265805900882919,16.730994152046783,46.34590736018025,PTGDS,0.140423397067218,1
250,Positive Regulation Of T Cell Cytokine Production (GO:0002726),0.06265805900882919,16.730994152046783,46.34590736018025,IL1B,0.140423397067218,1
251,Response To Zinc Ion (GO:0010043),0.06265805900882919,16.730994152046783,46.34590736018025,MT1H,0.140423397067218,1
252,Ruffle Organization (GO:0031529),0.06265805900882919,16.730994152046783,46.34590736018025,PLEK,0.140423397067218,1
253,Positive Regulation Of Focal Adhesion Assembly (GO:0051894),0.06265805900882919,16.730994152046783,46.34590736018025,SFRP1,0.140423397067218,1
254,Positive Regulation Of Granulocyte Chemotaxis (GO:0071624),0.06644344534523547,15.68421052631579,42.52623333942638,CXCL8,0.14379173095705539,1
255,Positive Regulation Of Immune System Process (GO:0002684),0.06644344534523547,15.68421052631579,42.52623333942638,HCAR2,0.14379173095705539,1
256,Regulation Of Extrinsic Apoptotic Signaling Pathway In Absence Of Ligand (GO:2001239),0.06644344534523547,15.68421052631579,42.52623333942638,IL1B,0.14379173095705539,1
257,Regulation Of Membrane Protein Ectodomain Proteolysis (GO:0051043),0.06644344534523547,15.68421052631579,42.52623333942638,IL1B,0.14379173095705539,1
258,One-Carbon Compound Transport (GO:0019755),0.06644344534523547,15.68421052631579,42.52623333942638,HBB,0.14379173095705539,1
259,Cellular Response To Interferon-Beta (GO:0035458),0.06644344534523547,15.68421052631579,42.52623333942638,NDUFA13,0.14379173095705539,1
260,rRNA Methylation (GO:0031167),0.06644344534523547,15.68421052631579,42.52623333942638,EMG1,0.14379173095705539,1
261,Regulation Of B Cell Differentiation (GO:0045577),0.06644344534523547,15.68421052631579,42.52623333942638,SFRP1,0.14379173095705539,1
262,Negative Regulation Of B Cell Activation (GO:0050869),0.06644344534523547,15.68421052631579,42.52623333942638,SFRP1,0.14379173095705539,1
263,Positive Regulation Of Interleukin-17 Production (GO:0032740),0.07021380745016224,14.760577915376677,39.20719909228215,OSM,0.14636481185383085,1
264,DNA Methylation (GO:0006306),0.07021380745016224,14.760577915376677,39.20719909228215,FOS,0.14636481185383085,1
265,Negative Regulation Of Phosphate Metabolic Process (GO:0045936),0.07021380745016224,14.760577915376677,39.20719909228215,PLEK,0.14636481185383085,1
266,Interleukin-1-Mediated Signaling Pathway (GO:0070498),0.07021380745016224,14.760577915376677,39.20719909228215,IL1B,0.14636481185383085,1
267,Positive Regulation Of Smoothened Signaling Pathway (GO:0045880),0.07021380745016224,14.760577915376677,39.20719909228215,SFRP1,0.14636481185383085,1
268,Lipopolysaccharide-Mediated Signaling Pathway (GO:0031663),0.07021380745016224,14.760577915376677,39.20719909228215,IL1B,0.14636481185383085,1
269,Regulation Of Vascular Endothelial Growth Factor Production (GO:0010574),0.07021380745016224,14.760577915376677,39.20719909228215,IL1B,0.14636481185383085,1
270,Cellular Response To Xenobiotic Stimulus (GO:0071466),0.07021380745016224,14.760577915376677,39.20719909228215,IL1B,0.14636481185383085,1
271,Cortical Actin Cytoskeleton Organization (GO:0030866),0.07021380745016224,14.760577915376677,39.20719909228215,PLEK,0.14636481185383085,1
272,Response To Glucocorticoid (GO:0051384),0.07021380745016224,14.760577915376677,39.20719909228215,IL1RN,0.14636481185383085,1
273,Negative Regulation Of Ossification (GO:0030279),0.07396920388308866,13.939571150097466,36.30012694900272,SFRP1,0.1514098866487771,1
274,Positive Regulation Of Neutrophil Migration (GO:1902624),0.07396920388308866,13.939571150097466,36.30012694900272,CXCL8,0.1514098866487771,1
275,Regulation Of Nitric-Oxide Synthase Activity (GO:0050999),0.07396920388308866,13.939571150097466,36.30012694900272,IL1B,0.1514098866487771,1
276,Regulation Of Vascular Endothelial Growth Factor Receptor Signaling Pathway (GO:0030947),0.07396920388308866,13.939571150097466,36.30012694900272,IL1B,0.1514098866487771,1
277,Regulation Of Calcium-Mediated Signaling (GO:0050848),0.07396920388308866,13.939571150097466,36.30012694900272,PLEK,0.1514098866487771,1
278,Glial Cell Development (GO:0021782),0.07770969298070085,13.204986149584487,33.735772195658804,S100A9,0.15569397851610384,1
279,Positive Regulation Of p38MAPK Cascade (GO:1900745),0.07770969298070085,13.204986149584487,33.735772195658804,IL1B,0.15569397851610384,1
280,Positive Regulation Of Phosphatase Activity (GO:0010922),0.07770969298070085,13.204986149584487,33.735772195658804,PLEK,0.15569397851610384,1
281,Regulation Of Neutrophil Chemotaxis (GO:0090022),0.07770969298070085,13.204986149584487,33.735772195658804,CXCL8,0.15569397851610384,1
282,Protein Kinase B Signaling (GO:0043491),0.07770969298070085,13.204986149584487,33.735772195658804,IL1B,0.15569397851610384,1
283,Response To Estradiol (GO:0032355),0.07770969298070085,13.204986149584487,33.735772195658804,SFRP1,0.15569397851610384,1
284,Negative Regulation Of Neurogenesis (GO:0050768),0.08143533287875901,12.543859649122806,31.459323074413795,IL1B,0.15922011635260813,1
285,Regulation Of Keratinocyte Proliferation (GO:0010837),0.08143533287875901,12.543859649122806,31.459323074413795,REG3A,0.15922011635260813,1
286,Negative Regulation Of Response To Wounding (GO:1903035),0.08143533287875901,12.543859649122806,31.459323074413795,REG3A,0.15922011635260813,1
287,Iron Ion Transport (GO:0006826),0.08143533287875901,12.543859649122806,31.459323074413795,FTH1,0.15922011635260813,1
288,Regulation Of Protein Export From Nucleus (GO:0046825),0.08143533287875901,12.543859649122806,31.459323074413795,IL1B,0.15922011635260813,1
289,Cellular Response To cAMP (GO:0071320),0.08143533287875901,12.543859649122806,31.459323074413795,AQP9,0.15922011635260813,1
290,Positive Regulation Of Cell-Substrate Junction Organization (GO:0150117),0.08143533287875901,12.543859649122806,31.459323074413795,SFRP1,0.15922011635260813,1
291,Positive Regulation Of Cytokine Production (GO:0001819),0.0821066990258468,3.069818181818182,7.673734009267841,IL1B;DEFA5;OSM,0.15998109397819635,3
292,Positive Regulation Of Peptidase Activity (GO:0010952),0.08514618146161693,11.945697577276524,29.426860800089514,NDUFA13,0.16255180097217778,1
293,Regulation Of Keratinocyte Differentiation (GO:0045616),0.08514618146161693,11.945697577276524,29.426860800089514,REG3A,0.16255180097217778,1
294,Regulation Of Peptidase Activity (GO:0052547),0.08514618146161693,11.945697577276524,29.426860800089514,NDUFA13,0.16255180097217778,1
295,Regulation Of Actin Filament Bundle Assembly (GO:0032231),0.08514618146161693,11.945697577276524,29.426860800089514,PLEK,0.16255180097217778,1
296,Negative Regulation Of Cell Junction Assembly (GO:1901889),0.08514618146161693,11.945697577276524,29.426860800089514,IL1B,0.16255180097217778,1
297,Regulation Of Cell Size (GO:0008361),0.08514618146161693,11.945697577276524,29.426860800089514,PLEK,0.16255180097217778,1
298,Nitrogen Compound Transport (GO:0071705),0.08565042794755781,4.262004801920768,10.473796068783829,AQP9;HBB,0.16296574713511838,2
299,Regulation Of Platelet Activation (GO:0010543),0.088842296412597,11.401913875598087,27.602807005268048,PLEK,0.1684735186151923,1
300,Cellular Response To Growth Factor Stimulus (GO:0071363),0.0917474323086391,4.088709677419355,9.76676531883239,SFRP1;CXCL8,0.1714410387562468,2
301,Negative Regulation Of Epithelial To Mesenchymal Transition (GO:0010719),0.09252373520178399,10.905415713196033,25.95805273791885,SFRP1,0.1714410387562468,1
302,Positive Regulation Of Interleukin-2 Production (GO:0032743),0.09252373520178399,10.905415713196033,25.95805273791885,IL1B,0.1714410387562468,1
303,Regulation Of Interleukin-17 Production (GO:0032660),0.09252373520178399,10.905415713196033,25.95805273791885,OSM,0.1714410387562468,1
304,Antibacterial Humoral Response (GO:0019731),0.09252373520178399,10.905415713196033,25.95805273791885,DEFA5,0.1714410387562468,1
305,Cortical Cytoskeleton Organization (GO:0030865),0.09252373520178399,10.905415713196033,25.95805273791885,PLEK,0.1714410387562468,1
306,Response To Interferon-Beta (GO:0035456),0.09252373520178399,10.905415713196033,25.95805273791885,NDUFA13,0.1714410387562468,1
307,Positive Regulation Of Immune Effector Process (GO:0002699),0.09619055507884373,10.450292397660819,24.468566536554984,IL1B,0.1742493441843591,1
308,Negative Regulation Of Insulin Receptor Signaling Pathway (GO:0046627),0.09619055507884373,10.450292397660819,24.468566536554984,IL1B,0.1742493441843591,1
309,Transition Metal Ion Transport (GO:0000041),0.09619055507884373,10.450292397660819,24.468566536554984,FTH1,0.1742493441843591,1
310,Negative Regulation Of Secretion By Cell (GO:1903531),0.09619055507884373,10.450292397660819,24.468566536554984,OSM,0.1742493441843591,1
311,Positive Regulation Of Response To Wounding (GO:1903036),0.09619055507884373,10.450292397660819,24.468566536554984,REG3A,0.1742493441843591,1
312,Regulation Of Androgen Receptor Signaling Pathway (GO:0060765),0.09619055507884373,10.450292397660819,24.468566536554984,SFRP1,0.1742493441843591,1
313,Negative Regulation Of Carbohydrate Metabolic Process (GO:0045912),0.09619055507884373,10.450292397660819,24.468566536554984,PLEK,0.1742493441843591,1
314,Negative Regulation Of Intracellular Steroid Hormone Receptor Signaling Pathway (GO:0033144),0.09984281305672398,10.031578947368422,23.114344881594885,SFRP1,0.1769089843848828,1
315,Integrated Stress Response Signaling (GO:0140467),0.09984281305672398,10.031578947368422,23.114344881594885,FOS,0.1769089843848828,1
316,Prostaglandin Metabolic Process (GO:0006693),0.09984281305672398,10.031578947368422,23.114344881594885,PTGDS,0.1769089843848828,1
317,Regulation Of Vasculature Development (GO:1901342),0.09984281305672398,10.031578947368422,23.114344881594885,SFRP1,0.1769089843848828,1
318,Response To cAMP (GO:0051591),0.09984281305672398,10.031578947368422,23.114344881594885,AQP9,0.1769089843848828,1
319,Response To Estrogen (GO:0043627),0.09984281305672398,10.031578947368422,23.114344881594885,SFRP1,0.1769089843848828,1
320,Negative Regulation Of Cellular Response To Insulin Stimulus (GO:1900077),0.09984281305672398,10.031578947368422,23.114344881594885,IL1B,0.1769089843848828,1
321,Regulation Of Extrinsic Apoptotic Signaling Pathway Via Death Domain Receptors (GO:1902041),0.10348056594619828,9.645074224021592,21.87861102743099,SFRP1,0.17998000273464548,1
322,Positive Regulation Of Mitotic Nuclear Division (GO:0045840),0.10348056594619828,9.645074224021592,21.87861102743099,IL1B,0.17998000273464548,1
323,Negative Regulation Of Peptidyl-Tyrosine Phosphorylation (GO:0050732),0.10348056594619828,9.645074224021592,21.87861102743099,SFRP1,0.17998000273464548,1
324,Positive Regulation Of Tyrosine Phosphorylation Of STAT Protein (GO:0042531),0.10348056594619828,9.645074224021592,21.87861102743099,OSM,0.17998000273464548,1
325,Protein Insertion Into Mitochondrial Membrane (GO:0051204),0.10348056594619828,9.645074224021592,21.87861102743099,NDUFA13,0.17998000273464548,1
326,Cellular Response To Retinoic Acid (GO:0071300),0.10348056594619828,9.645074224021592,21.87861102743099,NDUFA13,0.17998000273464548,1
327,Positive Regulation Of Multicellular Organismal Process (GO:0051240),0.10677884284421553,2.7251374959560013,6.096120241184321,HCAR2;IL1B;G0S2,0.1851460197806874,3
328,Signal Transduction By P53 Class Mediator (GO:0072331),0.10710387034932181,9.287199480181936,20.747196529377515,NDRG1,0.1851460197806874,1
329,Regulation Of Ossification (GO:0030278),0.11071278264107126,8.954887218045112,19.70805884309334,SFRP1,0.1885109542266889,1
330,Regulation Of Peptide Hormone Secretion (GO:0090276),0.11071278264107126,8.954887218045112,19.70805884309334,IL1B,0.1885109542266889,1
331,Monocyte Chemotaxis (GO:0002548),0.11071278264107126,8.954887218045112,19.70805884309334,S100A12,0.1885109542266889,1
332,Positive Regulation Of T Cell Mediated Immunity (GO:0002711),0.11071278264107126,8.954887218045112,19.70805884309334,IL1B,0.1885109542266889,1
333,Digestive Tract Development (GO:0048565),0.11071278264107126,8.954887218045112,19.70805884309334,CXCL8,0.1885109542266889,1
334,SMAD Protein Signal Transduction (GO:0060395),0.11430735896939559,8.645493042952207,18.750901452948124,FOS,0.19404872016660868,1
335,Regulation Of MAPK Cascade (GO:0043408),0.11467386987283484,3.5658953722334004,7.7225280032542925,IL1B;OSM,0.1940898036355145,2
336,Stem Cell Differentiation (GO:0048863),0.11788765530039826,8.35672514619883,17.866872086102745,SFRP1,0.19717492789181654,1
337,Apoptotic Mitochondrial Changes (GO:0008637),0.11788765530039826,8.35672514619883,17.866872086102745,IFIT2,0.19717492789181654,1
338,Positive Regulation Of RNA Metabolic Process (GO:0051254),0.11788765530039826,8.35672514619883,17.866872086102745,IL1B,0.19717492789181654,1
339,Response To Transforming Growth Factor Beta (GO:0071559),0.11788765530039826,8.35672514619883,17.866872086102745,SFRP1,0.19717492789181654,1
340,Heterophilic Cell-Cell Adhesion Via Plasma Membrane Cell Adhesion Molecules (GO:0007157),0.12145372734403401,8.086587436332767,17.048321001626498,REG3A,0.20135749533353006,1
341,Regulation Of p38MAPK Cascade (GO:1900744),0.12145372734403401,8.086587436332767,17.048321001626498,IL1B,0.20135749533353006,1
342,Positive Regulation Of Cell Death (GO:0010942),0.12145372734403401,8.086587436332767,17.048321001626498,HBB,0.20135749533353006,1
343,Inner Mitochondrial Membrane Organization (GO:0007007),0.12500563062649195,7.833333333333333,16.288605898512106,NDUFA13,0.20544403642093026,1
344,Response To Peptide (GO:1901652),0.12500563062649195,7.833333333333333,16.288605898512106,REG3A,0.20544403642093026,1
345,Negative Regulation Of Cell-Cell Adhesion (GO:0022408),0.12500563062649195,7.833333333333333,16.288605898512106,IL1RN,0.20544403642093026,1
346,Positive Regulation Of Hydrolase Activity (GO:0051345),0.126639518969273,3.3512298959318825,6.925017187187908,SFRP1;NDUFA13,0.20692970390656423,2
347,Negative Regulation Of Macromolecule Metabolic Process (GO:0010605),0.126639518969273,3.3512298959318825,6.925017187187908,SFRP1;CXCL8,0.20692970390656423,2
348,"DNA Damage Response, Signal Transduction By P53 Class Mediator (GO:0030330)",0.12854342046556053,7.5954279638490165,15.581933342712464,NDRG1,0.20824034115420806,1
349,Non-Canonical Wnt Signaling Pathway (GO:0035567),0.12854342046556053,7.5954279638490165,15.581933342712464,SFRP1,0.20824034115420806,1
350,Regulated Exocytosis (GO:0045055),0.12854342046556053,7.5954279638490165,15.581933342712464,PLEK,0.20824034115420806,1
351,Positive Regulation Of miRNA Transcription (GO:1902895),0.13206715194665045,7.371517027863777,14.923229012089218,FOS,0.2133392454522815,1
352,Unsaturated Fatty Acid Metabolic Process (GO:0033559),0.1355768799585465,7.160401002506266,14.308030855514241,CYP4F11,0.21654110122956582,1
353,Icosanoid Metabolic Process (GO:0006690),0.1355768799585465,7.160401002506266,14.308030855514241,CYP4F11,0.21654110122956582,1
354,Regulation Of Nervous System Development (GO:0051960),0.1355768799585465,7.160401002506266,14.308030855514241,IL1B,0.21654110122956582,1
355,Positive Regulation Of Wound Healing (GO:0090303),0.1355768799585465,7.160401002506266,14.308030855514241,REG3A,0.21654110122956582,1
356,Cellular Response To Ketone (GO:1901655),0.1390726591674075,6.961013645224171,13.732400609526689,SFRP1,0.220263122200894,1
357,Regulation Of Tyrosine Phosphorylation Of STAT Protein (GO:0042509),0.1390726591674075,6.961013645224171,13.732400609526689,OSM,0.220263122200894,1
358,Positive Regulation Of Biosynthetic Process (GO:0009891),0.1390726591674075,6.961013645224171,13.732400609526689,CXCL8,0.220263122200894,1
359,Positive Regulation Of Stress Fiber Assembly (GO:0051496),0.1425545440442056,6.772403982930299,13.192850108211557,SFRP1,0.22266784152359384,1
360,Protein Homotetramerization (GO:0051289),0.1425545440442056,6.772403982930299,13.192850108211557,DEFA5,0.22266784152359384,1
361,Regulation Of Stem Cell Differentiation (GO:2000736),0.1425545440442056,6.772403982930299,13.192850108211557,OSM,0.22266784152359384,1
362,Positive Regulation Of Cell-Cell Adhesion (GO:0022409),0.1425545440442056,6.772403982930299,13.192850108211557,IL1B,0.22266784152359384,1
363,Positive Regulation Of Chemokine Production (GO:0032722),0.1425545440442056,6.772403982930299,13.192850108211557,IL1B,0.22266784152359384,1
364,Regulation Of Insulin Receptor Signaling Pathway (GO:0046626),0.14602258884878144,6.593721144967683,12.686279598151916,IL1B,0.22481000688117175,1
365,Water-Soluble Vitamin Metabolic Process (GO:0006767),0.14602258884878144,6.593721144967683,12.686279598151916,VNN1,0.22481000688117175,1
366,Antiviral Innate Immune Response (GO:0140374),0.14602258884878144,6.593721144967683,12.686279598151916,IFIT2,0.22481000688117175,1
367,Positive Regulation Of Cell-Matrix Adhesion (GO:0001954),0.14602258884878144,6.593721144967683,12.686279598151916,SFRP1,0.22481000688117175,1
368,Positive Regulation Of Epithelial To Mesenchymal Transition (GO:0010718),0.14602258884878144,6.593721144967683,12.686279598151916,IL1B,0.22481000688117175,1
369,Positive Regulation Of Protein Metabolic Process (GO:0051247),0.1471984868516582,3.0451807228915664,5.834485117938698,NDUFA13;IL1B,0.22481000688117175,2
370,Positive Regulation Of miRNA Metabolic Process (GO:2000630),0.14947684760882143,6.424201529464687,12.209925847279273,FOS,0.22481000688117175,1
371,Positive Regulation Of Nucleocytoplasmic Transport (GO:0046824),0.14947684760882143,6.424201529464687,12.209925847279273,IL1B,0.22481000688117175,1
372,Intracellular Iron Ion Homeostasis (GO:0006879),0.14947684760882143,6.424201529464687,12.209925847279273,FTH1,0.22481000688117175,1
373,Cellular Response To BMP Stimulus (GO:0071773),0.14947684760882143,6.424201529464687,12.209925847279273,SFRP1,0.22481000688117175,1
374,Cellular Response To Alcohol (GO:0097306),0.14947684760882143,6.424201529464687,12.209925847279273,SFRP1,0.22481000688117175,1
375,Chemokine-Mediated Signaling Pathway (GO:0070098),0.14947684760882143,6.424201529464687,12.209925847279273,CXCL8,0.22481000688117175,1
376,Response To Hydrogen Peroxide (GO:0042542),0.14947684760882143,6.424201529464687,12.209925847279273,HBB,0.22481000688117175,1
377,Positive Regulation Of Fat Cell Differentiation (GO:0045600),0.14947684760882143,6.424201529464687,12.209925847279273,SFRP1,0.22481000688117175,1
378,Receptor Internalization (GO:0031623),0.15291737419773316,6.2631578947368425,11.76131828552293,CXCL8,0.22816881886872292,1
379,Positive Regulation Of Cell Junction Assembly (GO:1901890),0.15291737419773316,6.2631578947368425,11.76131828552293,SFRP1,0.22816881886872292,1
380,Response To Retinoic Acid (GO:0032526),0.15291737419773316,6.2631578947368425,11.76131828552293,NDUFA13,0.22816881886872292,1
381,Regulation Of Interleukin-2 Production (GO:0032663),0.15634422222718355,6.109970047068892,11.338241782114297,IL1B,0.2308520156323257,1
382,Regulation Of Wound Healing (GO:0061041),0.15634422222718355,6.109970047068892,11.338241782114297,REG3A,0.2308520156323257,1
383,Regulation Of Cell Death (GO:0010941),0.15634422222718355,6.109970047068892,11.338241782114297,HBB,0.2308520156323257,1
384,Regulation Of Cell Development (GO:0060284),0.15634422222718355,6.109970047068892,11.338241782114297,IL1B,0.2308520156323257,1
385,Phosphatidylcholine Metabolic Process (GO:0046470),0.15975744514123014,5.9640768588137005,10.938704908839595,TMEM86B,0.2340632335790116,1
386,Regulation Of Smoothened Signaling Pathway (GO:0008589),0.15975744514123014,5.9640768588137005,10.938704908839595,SFRP1,0.2340632335790116,1
387,Negative Regulation Of MAP Kinase Activity (GO:0043407),0.15975744514123014,5.9640768588137005,10.938704908839595,IL1B,0.2340632335790116,1
388,Negative Regulation Of Metabolic Process (GO:0009892),0.1631570961646431,5.8249694002447985,10.560912785960058,IL1B,0.23720531673167342,1
389,Cellular Response To Chemokine (GO:1990869),0.1631570961646431,5.8249694002447985,10.560912785960058,CXCL8,0.23720531673167342,1
390,Negative Regulation Of Cytokine-Mediated Signaling Pathway (GO:0001960),0.1631570961646431,5.8249694002447985,10.560912785960058,IL1RN,0.23720531673167342,1
391,Regulation Of Lipid Metabolic Process (GO:0019216),0.16654322829140727,5.692185007974482,10.203243754998017,IL1B,0.24027992478683952,1
392,Response To Peptide Hormone (GO:0043434),0.16654322829140727,5.692185007974482,10.203243754998017,REG3A,0.24027992478683952,1
393,Positive Regulation Of Cellular Metabolic Process (GO:0031325),0.16654322829140727,5.692185007974482,10.203243754998017,CXCL8,0.24027992478683952,1
394,Positive Regulation Of Phagocytosis (GO:0050766),0.16991589435037283,5.565302144249513,9.864229265906445,IL1B,0.24267584910997833,1
395,Regulation Of Mitotic Nuclear Division (GO:0007088),0.16991589435037283,5.565302144249513,9.864229265906445,IL1B,0.24267584910997833,1
396,Regulation Of Phagocytosis (GO:0050764),0.16991589435037283,5.565302144249513,9.864229265906445,IL1B,0.24267584910997833,1
397,Positive Regulation Of NIK/NF-kappaB Signaling (GO:1901224),0.16991589435037283,5.565302144249513,9.864229265906445,IL1B,0.24267584910997833,1
398,Actin Cytoskeleton Reorganization (GO:0031532),0.1732751469834124,5.443935926773455,9.54253648152643,PLEK,0.24561752084898708,1
399,Pattern Recognition Receptor Signaling Pathway (GO:0002221),0.1732751469834124,5.443935926773455,9.54253648152643,CLEC4E,0.24561752084898708,1
400,Cellular Response To Mechanical Stimulus (GO:0071260),0.1732751469834124,5.443935926773455,9.54253648152643,IL1B,0.24561752084898708,1
401,Regulation Of Macromolecule Biosynthetic Process (GO:0010556),0.17662103856999728,5.327734229189996,9.236953181976368,S100A9,0.24788150710195161,1
402,Positive Regulation Of Type II Interferon Production (GO:0032729),0.17662103856999728,5.327734229189996,9.236953181976368,IL1B,0.24788150710195161,1
403,Canonical Wnt Signaling Pathway (GO:0060070),0.17662103856999728,5.327734229189996,9.236953181976368,SFRP1,0.24788150710195161,1
404,Response To Metal Ion (GO:0010038),0.17662103856999728,5.327734229189996,9.236953181976368,NDRG1,0.24788150710195161,1
405,Regulation Of miRNA Transcription (GO:1902893),0.17995362134473925,5.216374269005848,8.946374616812788,FOS,0.25131454015385996,1
406,Positive Regulation Of Cysteine-Type Endopeptidase Activity (GO:2001056),0.17995362134473925,5.216374269005848,8.946374616812788,NDUFA13,0.25131454015385996,1
407,Apoptotic Process (GO:0006915),0.18280373491340735,2.6419222139117426,4.489529876777982,IL1B;IFIT2,0.2534530758908459,2
408,Glycerophospholipid Metabolic Process (GO:0006650),0.1832729472932043,5.1095596133190115,8.669792031086235,PLEK,0.2534530758908459,1
409,Glycosaminoglycan Biosynthetic Process (GO:0006024),0.1832729472932043,5.1095596133190115,8.669792031086235,IL1B,0.2534530758908459,1
410,Regulation Of Neurogenesis (GO:0050767),0.1832729472932043,5.1095596133190115,8.669792031086235,IL1B,0.2534530758908459,1
411,Negative Regulation Of Intracellular Signal Transduction (GO:1902532),0.18570877094762073,2.6141746854182086,4.4011606620312245,NDUFA13;PLEK,0.2561967715992724,2
412,Proton Motive Force-Driven Mitochondrial ATP Synthesis (GO:0042776),0.18657906825271944,5.007017543859649,8.406282612006155,NDUFA13,0.2567726497555629,1
413,Regulation Of Focal Adhesion Assembly (GO:0051893),0.18987203583041792,4.908496732026144,8.155000666291976,SFRP1,0.2595192609197443,1
414,Positive Regulation Of T Cell Proliferation (GO:0042102),0.18987203583041792,4.908496732026144,8.155000666291976,IL1B,0.2595192609197443,1
415,Positive Regulation Of Signal Transduction (GO:0009967),0.19153923449683632,2.560369833212473,4.2314274948793065,SFRP1;IL1B,0.2595192609197443,2
416,Negative Regulation Of Intrinsic Apoptotic Signaling Pathway (GO:2001243),0.19315190142527705,4.813765182186235,7.915169849991764,NDUFA13,0.2595192609197443,1
417,NADH Dehydrogenase Complex Assembly (GO:0010257),0.19315190142527705,4.813765182186235,7.915169849991764,NDUFA13,0.2595192609197443,1
418,Positive Regulation Of Peptidyl-Serine Phosphorylation (GO:0033138),0.19315190142527705,4.813765182186235,7.915169849991764,OSM,0.2595192609197443,1
419,Protein Tetramerization (GO:0051262),0.19315190142527705,4.813765182186235,7.915169849991764,DEFA5,0.2595192609197443,1
420,Mitochondrial Respiratory Chain Complex I Assembly (GO:0032981),0.19315190142527705,4.813765182186235,7.915169849991764,NDUFA13,0.2595192609197443,1
421,Cellular Response To Organic Substance (GO:0071310),0.19315190142527705,4.813765182186235,7.915169849991764,IL1B,0.2595192609197443,1
422,Signal Transduction In Response To DNA Damage (GO:0042770),0.19315190142527705,4.813765182186235,7.915169849991764,NDRG1,0.2595192609197443,1
423,Positive Regulation Of Phosphatidylinositol 3-Kinase Signaling (GO:0014068),0.1964187162724427,4.7226084078119825,7.686076309950682,OSM,0.2614305448978287,1
424,Positive Regulation Of Protein Secretion (GO:0050714),0.1964187162724427,4.7226084078119825,7.686076309950682,HCAR2,0.2614305448978287,1
425,Long-Chain Fatty Acid Metabolic Process (GO:0001676),0.1964187162724427,4.7226084078119825,7.686076309950682,CYP4F11,0.2614305448978287,1
426,Protein Targeting To Mitochondrion (GO:0006626),0.1964187162724427,4.7226084078119825,7.686076309950682,NDUFA13,0.2614305448978287,1
427,Regulation Of I-kappaB kinase/NF-kappaB Signaling (GO:0043122),0.19739495796967774,2.5087064676616917,4.070498404011208,IL1B;S100A12,0.26211461632039174,2
428,Negative Regulation Of Epithelial Cell Proliferation (GO:0050680),0.1996725313902252,4.6348278102664064,7.4670626180714725,SFRP1,0.262678248951874,1
429,Negative Regulation Of Extrinsic Apoptotic Signaling Pathway (GO:2001237),0.1996725313902252,4.6348278102664064,7.4670626180714725,IL1B,0.262678248951874,1
430,Extrinsic Apoptotic Signaling Pathway (GO:0097191),0.1996725313902252,4.6348278102664064,7.4670626180714725,G0S2,0.262678248951874,1
431,Phosphatidylinositol Metabolic Process (GO:0046488),0.1996725313902252,4.6348278102664064,7.4670626180714725,PLEK,0.262678248951874,1
432,Positive Regulation Of Interleukin-6 Production (GO:0032755),0.20291339757865706,4.55023923444976,7.257522390854059,IL1B,0.2644871182232151,1
433,Regulation Of Extrinsic Apoptotic Signaling Pathway (GO:2001236),0.20291339757865706,4.55023923444976,7.257522390854059,G0S2,0.2644871182232151,1
434,Second-Messenger-Mediated Signaling (GO:0019932),0.20291339757865706,4.55023923444976,7.257522390854059,CXCL8,0.2644871182232151,1
435,Regulation Of Cell-Matrix Adhesion (GO:0001952),0.20291339757865706,4.55023923444976,7.257522390854059,SFRP1,0.2644871182232151,1
436,Aerobic Respiration (GO:0009060),0.20614136549907933,4.468671679197995,7.0568955054643965,NDUFA13,0.26624636500678356,1
437,Positive Regulation Of Secretion By Cell (GO:1903532),0.20614136549907933,4.468671679197995,7.0568955054643965,IL1B,0.26624636500678356,1
438,Proton Motive Force-Driven ATP Synthesis (GO:0015986),0.20614136549907933,4.468671679197995,7.0568955054643965,NDUFA13,0.26624636500678356,1
439,Positive Regulation Of T Cell Differentiation (GO:0045582),0.20614136549907933,4.468671679197995,7.0568955054643965,VNN1,0.26624636500678356,1
440,Positive Regulation Of Programmed Cell Death (GO:0043068),0.20769650084607316,2.423076923076923,3.808295227306135,SFRP1;IFIT2,0.2676452635902806,2
441,Positive Regulation Of Lymphocyte Proliferation (GO:0050671),0.20935648560286918,4.389966143428747,6.864663841887573,IL1B,0.26795739805152785,1
442,Positive Regulation Of Response To Stimulus (GO:0048584),0.20935648560286918,4.389966143428747,6.864663841887573,REG3A,0.26795739805152785,1
443,Positive Regulation Of Cell-Substrate Adhesion (GO:0010811),0.20935648560286918,4.389966143428747,6.864663841887573,SFRP1,0.26795739805152785,1
444,Positive Regulation Of Cell Differentiation (GO:0045597),0.2121301186314484,2.388117806364252,3.7029090212925255,SFRP1;IL1B,0.2702261080417354,2
445,Negative Regulation Of Protein Binding (GO:0032091),0.2125588080892663,4.313974591651543,6.680347481737514,IFIT2,0.2702261080417354,1
446,Embryonic Organ Development (GO:0048568),0.2125588080892663,4.313974591651543,6.680347481737514,CXCL8,0.2702261080417354,1
447,Regulation Of Immune Response (GO:0050776),0.21574838301309887,4.240559024680345,6.503501305568492,FCGR3B,0.2706401176292634,1
448,Wnt Signaling Pathway (GO:0016055),0.21574838301309887,4.240559024680345,6.503501305568492,SFRP1,0.2706401176292634,1
449,Cellular Response To Hormone Stimulus (GO:0032870),0.21574838301309887,4.240559024680345,6.503501305568492,SFRP1,0.2706401176292634,1
450,Regulation Of Viral Genome Replication (GO:0045069),0.21574838301309887,4.240559024680345,6.503501305568492,CXCL8,0.2706401176292634,1
451,Regulation Of T Cell Proliferation (GO:0042129),0.21574838301309887,4.240559024680345,6.503501305568492,IL1B,0.2706401176292634,1
452,Positive Regulation Of Endocytosis (GO:0045807),0.21574838301309887,4.240559024680345,6.503501305568492,IL1B,0.2706401176292634,1
453,Transforming Growth Factor Beta Receptor Signaling Pathway (GO:0007179),0.21892526027206605,4.169590643274854,6.333711946190514,FOS,0.2734154682252455,1
454,Oxidative Phosphorylation (GO:0006119),0.21892526027206605,4.169590643274854,6.333711946190514,NDUFA13,0.2734154682252455,1
455,Regulation Of Fat Cell Differentiation (GO:0045598),0.22524112014327444,4.034521788341823,6.013792840631887,SFRP1,0.27945670704865777,1
456,Modulation Of Chemical Synaptic Transmission (GO:0050804),0.22524112014327444,4.034521788341823,6.013792840631887,IL1B,0.27945670704865777,1
457,Positive Regulation Of JNK Cascade (GO:0046330),0.22524112014327444,4.034521788341823,6.013792840631887,IL1B,0.27945670704865777,1
458,Cellular Response To Reactive Oxygen Species (GO:0034614),0.22838020153331343,3.97020328599276,5.862971849665125,FOS,0.2821167195411519,1
459,Regulation Of Cellular Biosynthetic Process (GO:0031326),0.22838020153331343,3.97020328599276,5.862971849665125,CXCL8,0.2821167195411519,1
460,Positive Regulation Of Apoptotic Process (GO:0043065),0.2329376969141151,2.2373015873015873,3.2597131894976834,SFRP1;IFIT2,0.28712103076152884,2
461,Cellular Response To Nutrient Levels (GO:0031669),0.23462091271344748,3.8475033738191633,5.57804961902618,SFRP1,0.28856845446534646,1
462,Regulation Of Epithelial Cell Proliferation (GO:0050678),0.2377226401107999,3.788942052099947,5.443386109615179,SFRP1,0.29112038216592556,1
463,Positive Regulation Of Cytoskeleton Organization (GO:0051495),0.2377226401107999,3.788942052099947,5.443386109615179,PLEK,0.29112038216592556,1
464,Regulation Of Cysteine-Type Endopeptidase Activity Involved In Apoptotic Process (GO:0043281),0.24081201349258263,3.732128829536528,5.313576161682304,NDUFA13,0.2923777551398166,1
465,Positive Regulation Of Neuron Projection Development (GO:0010976),0.24081201349258263,3.732128829536528,5.313576161682304,S100A9,0.2923777551398166,1
466,Calcium-Mediated Signaling (GO:0019722),0.24081201349258263,3.732128829536528,5.313576161682304,CXCL8,0.2923777551398166,1
467,Regulation Of Stress Fiber Assembly (GO:0051492),0.24081201349258263,3.732128829536528,5.313576161682304,SFRP1,0.2923777551398166,1
468,Regulation Of Peptidyl-Serine Phosphorylation (GO:0033135),0.24695389139717341,3.623442664632596,5.067578907246636,OSM,0.2985561970622544,1
469,Regulation Of Protein Secretion (GO:0050708),0.24695389139717341,3.623442664632596,5.067578907246636,IL1B,0.2985561970622544,1
470,Regulation Of Phosphatidylinositol 3-Kinase Signaling (GO:0014066),0.25000649206599423,3.5714285714285716,4.950958547118155,OSM,0.30096322930237523,1
471,Positive Regulation Of Canonical Wnt Signaling Pathway (GO:0090263),0.25000649206599423,3.5714285714285716,4.950958547118155,SFRP1,0.30096322930237523,1
472,Regulation Of Type II Interferon Production (GO:0032649),0.2530469309696063,3.520879663948604,4.83832350650602,IL1B,0.3033353273990841,1
473,Negative Regulation Of Apoptotic Signaling Pathway (GO:2001234),0.2530469309696063,3.520879663948604,4.83832350650602,NDUFA13,0.3033353273990841,1
474,Negative Regulation Of Protein Serine/Threonine Kinase Activity (GO:0071901),0.2560752557264994,3.4717348927875245,4.729488584302819,IL1B,0.30567298946721083,1
475,Regulation Of NIK/NF-kappaB Signaling (GO:1901222),0.2560752557264994,3.4717348927875245,4.729488584302819,IL1B,0.30567298946721083,1
476,Negative Regulation Of Binding (GO:0051100),0.26209575235213806,3.377430061640588,4.522532103408709,IFIT2,0.312202293242988,1
477,Integrin-Mediated Signaling Pathway (GO:0007229),0.26508801850675023,3.3321637426900583,4.424091685050573,PLEK,0.31444541107390667,1
478,Positive Regulation Of Cold-Induced Thermogenesis (GO:0120162),0.26508801850675023,3.3321637426900583,4.424091685050573,G0S2,0.31444541107390667,1
479,Positive Regulation Of Protein Kinase B Signaling (GO:0051897),0.26806835911104426,3.2880886426592797,4.328812297085756,OSM,0.31731682592058896,1
480,Positive Regulation Of Peptidyl-Tyrosine Phosphorylation (GO:0050731),0.27399345029468286,3.2033288349077824,4.147193125822315,OSM,0.3229818842351043,1
481,Positive Regulation Of Supramolecular Fiber Organization (GO:1902905),0.27399345029468286,3.2033288349077824,4.147193125822315,PLEK,0.3229818842351043,1
482,Ribosomal Small Subunit Biogenesis (GO:0042274),0.2769382937305351,3.162558294470353,4.060600131219083,EMG1,0.3257759596373722,1
483,Positive Regulation Of Macromolecule Metabolic Process (GO:0010604),0.2793731766419698,1.9620535714285714,2.5020241351182433,CXCL8;IL1B,0.32786587252576843,2
484,Regulation Of Wnt Signaling Pathway (GO:0030111),0.279871397358857,3.1228070175438596,3.976660765111066,SFRP1,0.32786587252576843,1
485,rRNA Metabolic Process (GO:0016072),0.28279280713777843,3.084037253627897,3.8952648175457547,EMG1,0.33060519927241316,1
486,Positive Regulation Of Metabolic Process (GO:0009893),0.28570256888064594,3.0462130937098846,3.816307882409156,G0S2,0.33066553902981943,1
487,MAPK Cascade (GO:0000165),0.28570256888064594,3.0462130937098846,3.816307882409156,IL1B,0.33066553902981943,1
488,Regulation Of Interleukin-6 Production (GO:0032675),0.28570256888064594,3.0462130937098846,3.816307882409156,IL1B,0.33066553902981943,1
489,Cellular Respiration (GO:0045333),0.28570256888064594,3.0462130937098846,3.816307882409156,NDUFA13,0.33066553902981943,1
490,Positive Regulation Of Nucleic Acid-Templated Transcription (GO:1903508),0.28576034237144887,1.6471776589423648,2.063257672815918,SFRP1;IL1B;FOS,0.33066553902981943,3
491,Negative Regulation Of Inflammatory Response (GO:0050728),0.29148733060327203,2.973266499582289,3.6653202545029377,REG3A,0.3338854877819298,1
492,Fatty Acid Metabolic Process (GO:0006631),0.29148733060327203,2.973266499582289,3.6653202545029377,CYP4F11,0.3338854877819298,1
493,Positive Regulation Of Stress-Activated MAPK Cascade (GO:0032874),0.29148733060327203,2.973266499582289,3.6653202545029377,IL1B,0.3338854877819298,1
494,Positive Regulation Of Cellular Component Biogenesis (GO:0044089),0.29148733060327203,2.973266499582289,3.6653202545029377,PLEK,0.3338854877819298,1
495,Negative Regulation Of Canonical Wnt Signaling Pathway (GO:0090090),0.29148733060327203,2.973266499582289,3.6653202545029377,SFRP1,0.3338854877819298,1
496,Negative Regulation Of Developmental Process (GO:0051093),0.29722604544830755,2.9037127702978376,3.5229653326099117,SFRP1,0.33908886875088606,1
497,Negative Regulation Of MAPK Cascade (GO:0043409),0.29722604544830755,2.9037127702978376,3.5229653326099117,IL1B,0.33908886875088606,1
498,Mitochondrial Respiratory Chain Complex Assembly (GO:0033108),0.30007824795222804,2.870135107884654,3.45481610492952,NDUFA13,0.34165535459621144,1
499,Positive Regulation Of Protein-Containing Complex Assembly (GO:0031334),0.3029190736024028,2.8373205741626792,3.388582433632098,PLEK,0.3435102294651247,1
500,Negative Regulation Of Defense Response (GO:0031348),0.3029190736024028,2.8373205741626792,3.388582433632098,REG3A,0.3435102294651247,1
501,Positive Regulation Of Wnt Signaling Pathway (GO:0030177),0.3057485669386343,2.805243445692884,3.3241915782965696,SFRP1,0.3453375248091746,1
502,Regulation Of JNK Cascade (GO:0046328),0.3057485669386343,2.805243445692884,3.3241915782965696,IL1B,0.3453375248091746,1
503,Cell-Cell Adhesion Via Plasma-Membrane Adhesion Molecules (GO:0098742),0.3113737342551972,2.7432041642567957,3.20066465004516,REG3A,0.3499437776654716,1
504,Positive Regulation Of Cell Projection Organization (GO:0031346),0.3113737342551972,2.7432041642567957,3.20066465004516,S100A9,0.3499437776654716,1
505,Negative Regulation Of Gene Expression (GO:0010629),0.312295505288763,1.8039568345323742,2.099454718174366,SFRP1;CXCL8,0.3499437776654716,2
506,Positive Regulation Of Protein Phosphorylation (GO:0001934),0.312295505288763,1.8039568345323742,2.099454718174366,IL1B;OSM,0.3499437776654716,2
507,Positive Regulation Of Cell Cycle Process (GO:0090068),0.3141694965724388,2.7131960335621663,3.141399796345611,IL1B,0.35134931865201735,1
508,rRNA Processing (GO:0006364),0.31695410319284006,2.6838332390115074,3.0837198303632927,EMG1,0.3523783853143928,1
509,Positive Regulation Of T Cell Activation (GO:0050870),0.31695410319284006,2.6838332390115074,3.0837198303632927,IL1B,0.3523783853143928,1
510,ncRNA Processing (GO:0034470),0.31695410319284006,2.6838332390115074,3.0837198303632927,EMG1,0.3523783853143928,1
511,Transmembrane Receptor Protein Serine/Threonine Kinase Signaling Pathway (GO:0007178),0.3252414257877307,2.5994152046783627,2.919630727201269,FOS,0.3608843217644683,1
512,Protein Homooligomerization (GO:0051260),0.33071132655910496,2.5460078768349446,2.8171816719374867,DEFA5,0.3662369573418213,1
513,Plasma Membrane Bounded Cell Projection Organization (GO:0120036),0.3334299118717827,2.520113414850257,2.767897505538057,PLEK,0.36852779733197044,1
514,Response To Endoplasmic Reticulum Stress (GO:0034976),0.3388345660140783,2.4698627757512592,2.672992432513157,CXCL8,0.3737727605641681,1
515,Regulation Of Protein Binding (GO:0043393),0.34152071981837967,2.4454764361885104,2.627290098780439,IFIT2,0.37527567468414974,1
516,Cellular Response To Oxidative Stress (GO:0034599),0.34152071981837967,2.4454764361885104,2.627290098780439,FOS,0.37527567468414974,1
517,Regulation Of Protein Catabolic Process (GO:0042176),0.3441961478456671,2.42156361778232,2.5827031467764594,NDUFA13,0.37675524291214907,1
518,Regulation Of Anatomical Structure Morphogenesis (GO:0022603),0.3441961478456671,2.42156361778232,2.5827031467764594,SFRP1,0.37675524291214907,1
519,Receptor-Mediated Endocytosis (GO:0006898),0.34686089214084304,2.398110661268556,2.539195028574172,CXCL8,0.37821178046895765,1
520,Negative Regulation Of Wnt Signaling Pathway (GO:0030178),0.34686089214084304,2.398110661268556,2.539195028574172,SFRP1,0.37821178046895765,1
521,Positive Regulation Of Macromolecule Biosynthetic Process (GO:0010557),0.34951499463327634,2.3751044277360065,2.4967307112882002,IL1B,0.3803742839866942,1
522,Response To Cytokine (GO:0034097),0.3547914410198661,2.3303820298409574,2.414800473629556,IL1B,0.38464005173664256,1
523,Negative Regulation Of Cell Motility (GO:2000146),0.3547914410198661,2.3303820298409574,2.414800473629556,SFRP1,0.38464005173664256,1
524,Negative Regulation Of Response To External Stimulus (GO:0032102),0.36002581924828697,2.287300820859488,2.3366596974727543,REG3A,0.3880886682771459,1
525,Regulation Of Protein Kinase B Signaling (GO:0051896),0.36002581924828697,2.287300820859488,2.3366596974727543,OSM,0.3880886682771459,1
526,Cellular Response To Starvation (GO:0009267),0.36002581924828697,2.287300820859488,2.3366596974727543,SFRP1,0.3880886682771459,1
527,Negative Regulation Of Cellular Biosynthetic Process (GO:0031327),0.3703696866372704,2.2057133985405994,2.190832815778748,PLEK,0.39848123780518463,1
528,Ribonucleoprotein Complex Biogenesis (GO:0022613),0.37292987271475786,2.1862111418898125,2.1564019033525192,EMG1,0.40047582922209796,1
529,Regulation Of Cold-Induced Thermogenesis (GO:0120161),0.37547982739112473,2.1670480549199085,2.1227330733660246,G0S2,0.40245191329067626,1
530,Positive Regulation Of Intracellular Protein Transport (GO:0090316),0.37801959084489223,2.1482153660012098,2.089803794233653,IL1B,0.4036480376818341,1
531,Regulation Of Cell Cycle Process (GO:0010564),0.37801959084489223,2.1482153660012098,2.089803794233653,SFRP1,0.4036480376818341,1
532,Defense Response To Symbiont (GO:0140546),0.3830687039076784,2.111507582515611,2.0260779332081382,IFIT2,0.4082705923226573,1
533,Positive Regulation Of Cellular Catabolic Process (GO:0031331),0.3930463857009732,2.0417026171987347,1.906598345388767,IL1B,0.4181187630252379,1
534,Regulation Of Cell Adhesion (GO:0030155),0.39551592233342375,2.0249607759235486,1.8782811906762986,CXCL8,0.4199579175338039,1
535,Regulation Of Neuron Projection Development (GO:0010975),0.4004254083746806,1.992280701754386,1.8233906359841854,S100A9,0.4243760870064372,1
536,Negative Regulation Of Protein Phosphorylation (GO:0001933),0.41012711221826004,1.9299605603155174,1.7201509533147148,SFRP1,0.4338471504249131,1
537,Intracellular Monoatomic Cation Homeostasis (GO:0030003),0.4173019851273429,1.885699096225412,1.647997549939849,FTH1,0.4389800103287633,1
538,Organic Substance Transport (GO:0071702),0.4173019851273429,1.885699096225412,1.647997549939849,AQP9,0.4389800103287633,1
539,Negative Regulation Of Cell Migration (GO:0030336),0.4173019851273429,1.885699096225412,1.647997549939849,SFRP1,0.4389800103287633,1
540,Regulation Of Cell Migration (GO:0030334),0.4255082925880311,1.4008828250401284,1.197013527216571,SFRP1;IL1B,0.44678370721743266,2
541,Positive Regulation Of Gene Expression (GO:0010628),0.4310842543317071,1.3849206349206349,1.1653438534955916,CXCL8;IL1B,0.45180179705374846,2
542,Mitochondrion Organization (GO:0007005),0.4451536519582794,1.7270955165692008,1.3978001816894503,IFIT2,0.46568656948403025,1
543,Ribosome Biogenesis (GO:0042254),0.44741466666398155,1.7150635208711433,1.3793731920215795,EMG1,0.46718990054968246,1
544,Negative Regulation Of Nucleic Acid-Templated Transcription (GO:1903507),0.4558276295013136,1.3172713529856388,1.034901785529096,SFRP1;NDUFA13,0.47509975354272943,2
545,Positive Regulation Of I-kappaB kinase/NF-kappaB Signaling (GO:0043123),0.4629902015137318,1.6352723915050784,1.259240504548748,S100A12,0.481679714235387,1
546,Defense Response To Virus (GO:0051607),0.46517976225031,1.6244696709092994,1.243257586764013,IFIT2,0.4830712915676296,1
547,Negative Regulation Of Cell Differentiation (GO:0045596),0.4781340719110244,1.5625068961712458,1.1529177457024837,SFRP1,0.495616122072305,1
548,Regulation Of Canonical Wnt Signaling Pathway (GO:0060828),0.48659844209840086,1.5237326444946722,1.0975690801103777,SFRP1,0.5034695559667761,1
549,Regulation Of ERK1 And ERK2 Cascade (GO:0070372),0.5151747373401087,1.4018237684606998,0.9297584089474659,IL1B,0.5320657123348663,1
550,Positive Regulation Of Phosphorylation (GO:0042327),0.524996891912856,1.3628301523038364,0.8781572389901273,IL1B,0.5412240685719807,1
551,Positive Regulation Of Protein Modification Process (GO:0031401),0.526937723973337,1.3552871249161154,0.8682957438366072,IL1B,0.5422390008945228,1
552,Regulation Of GTPase Activity (GO:0043087),0.5307960370032606,1.3404457088667614,0.8490080750727346,SFRP1,0.5452198423566101,1
553,Positive Regulation Of GTPase Activity (GO:0043547),0.5459224117163916,1.2841559858194709,0.7772719015309721,SFRP1,0.5597432322661736,1
554,Positive Regulation Of Cell Motility (GO:2000147),0.5477791820047463,1.2774461928015917,0.7688731798040137,IL1B,0.5606332061312114,1
555,Positive Regulation Of DNA-templated Transcription (GO:0045893),0.5618940799609325,1.0161014045906132,0.5857234411948358,SFRP1;IL1B;OSM;FOS,0.574043141149277,4
556,Regulation Of Protein Phosphorylation (GO:0001932),0.5764924188322466,1.178780284043442,0.6492640347184708,IL1B,0.5878978443846832,1
557,Positive Regulation Of Cell Migration (GO:0030335),0.6209362803057438,1.042490191724036,0.49677452605704286,IL1B,0.6320841488929205,1
558,Regulation Of Intracellular Signal Transduction (GO:1902531),0.6406674785207118,0.9873684210526316,0.4396205672019984,IL1B,0.6510008249484652,1
559,Regulation Of Cell Cycle (GO:0051726),0.6479845602827643,0.9676642586859305,0.41985830626462983,SFRP1,0.6572580423619453,1
560,Regulation Of Apoptotic Process (GO:0042981),0.6708831348902282,0.8726845978178127,0.3483410657390759,SFRP1;IFIT2,0.679269174076356,2
561,Regulation Of Gene Expression (GO:0010468),0.6738388711829268,0.8687298517085751,0.3429434972033105,SFRP1;CXCL8;IL1B,0.6810457040298031,3
562,Negative Regulation Of Programmed Cell Death (GO:0043069),0.7135565484696387,0.8061547310900201,0.2720720544262675,SFRP1,0.7199049163385857,1
563,Negative Regulation Of Apoptotic Process (GO:0043066),0.7756163183661333,0.6726431463273569,0.17091681822020724,SFRP1,0.7811269138785037,1
564,Positive Regulation Of Transcription By RNA Polymerase II (GO:0045944),0.7989335818521295,0.6697044334975369,0.1503335523682808,OSM;FOS,0.8031832285641088,2
565,Regulation Of DNA-templated Transcription (GO:0006355),0.8392616532014595,0.672926447574335,0.11791875731399586,SFRP1;NDUFA13;IL1B;FOS,0.8422324909119071,4
566,Negative Regulation Of DNA-templated Transcription (GO:0045892),0.8435001273839566,0.6011830635118306,0.10231848734842273,SFRP1;NDUFA13,0.844990410294529,2
567,Regulation Of Transcription By RNA Polymerase II (GO:0006357),0.9855857842152081,0.3124331420791598,0.004536251091834321,OSM;FOS,0.9855857842152081,2
