"baseMean","log2FoldChange","lfcSE","pvalue","padj","gene_id","symbol","biotype"
264.514984514927,5.06982611248807,0.586368966614694,3.18523707364519e-19,3.86942599706418e-15,"ENSG00000169429","CXCL8","protein_coding"
423.425717953851,4.79371404133533,0.901306362078777,6.87177884034049e-09,3.10642354024621e-05,"ENSG00000143546","S100A8","protein_coding"
102.033821800678,5.41990504266418,1.04200513115908,7.67144437005155e-09,3.10642354024621e-05,"ENSG00000099985","OSM","protein_coding"
845.747640303578,4.29075331785568,0.820282016113503,1.30748113153186e-08,3.97082019646227e-05,"ENSG00000163220","S100A9","protein_coding"
41.7495182770668,4.52573120456371,0.873380204150965,3.22557754132308e-08,7.83686319439857e-05,"ENSG00000276085","CCL3L3","protein_coding"
257.402633252758,2.83907847308092,0.60451461366987,1.77158666552285e-07,0.000307446211611023,"ENSG00000123689","G0S2","protein_coding"
242.071722895984,-2.38837052312862,0.524199332983188,1.75890180724346e-07,0.000307446211611023,"ENSG00000265206","MIR142HG","lncRNA"
33.176395656046,6.7254432060339,1.51609510532077,2.74580658016925e-07,0.000416950729198701,"ENSG00000163221","S100A12","protein_coding"
73.9661955856843,-4.3250767545763,1.01496832999001,6.07838292658434e-07,0.000738401957921466,"ENSG00000241666","ENSG00000241666","lncRNA"
64.062881557919,4.31331198578292,0.957168477299168,5.75123602055131e-07,0.000738401957921466,"ENSG00000182782","HCAR2","protein_coding"
511.985481985387,4.65332448459928,1.122601422003,2.47261204252591e-06,0.00273066282660043,"ENSG00000244734","HBB","protein_coding"
35.3395597826054,4.69237703181082,1.2158206356738,4.58751775787458e-06,0.00437611576655243,"ENSG00000255398","HCAR3","protein_coding"
113.815777917437,4.12104204882729,1.08180755123666,4.68303465304425e-06,0.00437611576655243,"ENSG00000103569","AQP9","protein_coding"
234.362535050041,2.8315146513031,0.784590395984634,1.63647726218436e-05,0.0141999469864397,"ENSG00000136689","IL1RN","protein_coding"
578.435150525038,2.17162203822434,0.606691120313357,2.02639963789855e-05,0.0144804134124656,"ENSG00000115956","PLEK","protein_coding"
175.666172432295,-3.3139645396088,1.00840007687426,2.01161372634659e-05,0.0144804134124656,"ENSG00000260260","SNHG19","lncRNA"
66754.1589568386,1.7531537759069,0.486380644892415,1.95112452376361e-05,0.0144804134124656,"ENSG00000210082","MT-RNR2","Mt_rRNA"
32.133918150806,-3.98062883550583,1.16515290329421,2.17755542065601e-05,0.0146960795834051,"ENSG00000228784","LINC00954","lncRNA"
34.3783992888162,3.75239276419427,1.12878629930312,3.46358652695658e-05,0.0161829419728725,"ENSG00000162747","FCGR3B","protein_coding"
154.166055506639,2.20918214482805,0.632959048428021,2.84483269219363e-05,0.0161829419728725,"ENSG00000244437","IGKV3-15","IG_V_gene"
243.599927298267,2.64415443077479,0.767313817680871,3.17927529125338e-05,0.0161829419728725,"ENSG00000112299","VNN1","protein_coding"
276.461433412882,-2.54498946022248,0.802350323403612,3.30829980861412e-05,0.0161829419728725,"ENSG00000107317","PTGDS","protein_coding"
94.6668844437351,2.25555860625611,0.657877002788518,3.23814941638119e-05,0.0161829419728725,"ENSG00000211943","IGHV3-15","IG_V_gene"
186.770266137102,-3.01490101406072,0.958890959209521,3.25113241646758e-05,0.0161829419728725,"ENSG00000124243","BCAS4","protein_coding"
57.9853157411138,-2.21762177054943,0.659141668177129,2.69255006528881e-05,0.0161829419728725,"ENSG00000232346","ENSG00000232346","processed_pseudogene"
59.0128695745114,-0.159546389118024,0.361872606720022,3.34962144192019e-05,0.0161829419728725,"ENSG00000276529","ENSG00000276529","lncRNA"
39.7100939635772,3.03843667593394,0.899736976201806,4.69817290358689e-05,0.0211382979380643,"ENSG00000104332","SFRP1","protein_coding"
38.8101872519397,-3.58574754280504,1.20068303640813,6.81952198181439e-05,0.0285667424258901,"ENSG00000164972","C9orf24","protein_coding"
40.7623476098298,-0.174383648313636,0.376587482453997,6.70204765747563e-05,0.0285667424258901,"ENSG00000267852","ARHGEF18-AS1","lncRNA"
33.7366781782942,2.40962951514564,0.772390627596907,8.47761343703965e-05,0.0321831400103618,"ENSG00000211933","IGHV6-1","IG_V_gene"
1877.7509570153,-0.282089730864821,0.563584739885469,8.44830322971097e-05,0.0321831400103618,"ENSG00000176153","GPX2","protein_coding"
462.787561738723,-0.166286443054908,0.367789106082866,8.0666343995992e-05,0.0321831400103618,"ENSG00000186010","NDUFA13","protein_coding"
385.328018566223,2.85454633333582,0.916495544200258,0.00010059567431241,0.034220845172383,"ENSG00000125538","IL1B","protein_coding"
265.553001055656,1.70035042855582,0.544519107902358,0.000101411790105844,0.034220845172383,"ENSG00000170345","FOS","protein_coding"
29.5910605236533,-3.78359910763329,1.27034525205507,9.90405846290576e-05,0.034220845172383,"ENSG00000266402","SNHG25","lncRNA"
102.77707665675,2.90087882431212,0.934267985162345,9.6971204627129e-05,0.034220845172383,"ENSG00000211642","IGLV10-54","IG_V_gene"
88.725544445853,-2.23853731844472,0.785563256323868,0.000108058501734491,0.0354782345694756,"ENSG00000232442","MHENCR","lncRNA"
3810.28763930143,2.23727543418739,0.741729648989515,0.000134672781005362,0.0373427884428804,"ENSG00000248527","MTATP6P1","unprocessed_pseudogene"
40.9810129654896,3.03979086291878,0.996673042811107,0.000138329394133159,0.0373427884428804,"ENSG00000124731","TREM1","protein_coding"
501.241312685439,1.72160043691796,0.559347285313595,0.000121250503723582,0.0373427884428804,"ENSG00000104419","NDRG1","protein_coding"
24601.1360821486,-1.88825680211071,0.663068914182163,0.000118201297214401,0.0373427884428804,"ENSG00000164816","DEFA5","protein_coding"
27.0259790576137,-3.60841105107493,1.33525480366632,0.000132113020120526,0.0373427884428804,"ENSG00000260135","MMP2-AS1","lncRNA"
62.6916854581309,-3.46789724916324,1.31566567021664,0.000134196821261498,0.0373427884428804,"ENSG00000267787","ENSG00000267787","lncRNA"
73.8507934521923,-3.26607544832071,1.21739070582476,0.000135737534184427,0.0373427884428804,"ENSG00000171903","CYP4F11","protein_coding"
84.5398621796195,-3.09313959143077,1.15490839312918,0.000126455769959431,0.0373427884428804,"ENSG00000182351","CRIP1P4","processed_pseudogene"
7858.12584352014,-1.47263376511989,0.516026966919897,0.000150562176803486,0.0389277953588538,"ENSG00000172016","REG3A","protein_coding"
599.586671186578,2.10184544213445,0.70393627703469,0.000150609679113116,0.0389277953588538,"ENSG00000167996","FTH1","protein_coding"
155.017195305993,-2.86990111785629,1.10202477495931,0.000160781469164839,0.040691110154468,"ENSG00000126749","EMG1","protein_coding"
36.5716307612151,2.47182440417002,0.838811454395932,0.000166637907534773,0.0413125979741311,"ENSG00000166523","CLEC4E","protein_coding"
27.5647871300481,-2.35976519888071,0.847269493208204,0.000186132001122497,0.0452226309927218,"ENSG00000233668","ENSG00000233668","processed_pseudogene"
38.7910488522158,-2.63135703584563,0.983627951260472,0.000193283586882555,0.0460393924205741,"ENSG00000255198","SNHG9","lncRNA"
132.433464493849,1.78103384993042,0.615505819328095,0.00020129438791003,0.0461381929119065,"ENSG00000119922","IFIT2","protein_coding"
194.002614955785,2.39442318483684,0.837994209167561,0.000200488038230705,0.0461381929119065,"ENSG00000209082","MT-TL1","Mt_tRNA"
1264.55697233784,-2.88821869310046,1.18875398769631,0.000217323076888551,0.0488896432970763,"ENSG00000198832","SELENOM","protein_coding"
478.144229384631,-2.34730356316229,0.929309862806059,0.000228400334038626,0.049127981893376,"ENSG00000205358","MT1H","protein_coding"
58.629629404767,-1.90859868436419,0.712203773916478,0.000227571452493912,0.049127981893376,"ENSG00000100162","CENPM","protein_coding"
208.093502039579,1.94676805629861,0.68153981787638,0.000230514896931382,0.049127981893376,"ENSG00000211653","IGLV1-40","IG_V_gene"
89.58528158705,-2.69760904825087,1.07720964683021,0.00023687367755765,0.0496127833615575,"ENSG00000180089","TMEM86B","protein_coding"
